name,borough,attendancePercentage
P.S. 015 ROBERTO CLEMENTE,M,92.09
P.S. 019 ASHER LEVY,M,92.15
P.S. 020 ANNA SILVER,M,95.36
P.S. 034 FRANKLIN D. ROOSEVELT,M,92.94
THE STAR ACADEMY P.S.63,M,80.25
P.S. 064 ROBERT SIMON,M,93.47
P.S. 110 FLORENCE NIGHTINGALE,M,93.90
P.S. 134 HENRIETTA SZOLD,M,88.25
P.S. 140 NATHAN STRAUS,M,87.10
P.S. 142 AMALIA CASTRO,M,91.19
P.S. 184M SHUANG WEN,M,97.65
P.S. 188 THE ISLAND SCHOOL,M,86.76
ORCHARD COLLEGIATE ACADEMY,M,91.91
THE EAST VILLAGE COMMUNITY SCHOOL,M,96.38
UNIVERSITY NEIGHBORHOOD MIDDLE SCHOOL,M,88.31
THE CHILDREN S WORKSHOP SCHOOL,M,92.42
NEIGHBORHOOD SCHOOL,M,87.86
EARTH SCHOOL,M,89.42
SCHOOL FOR GLOBAL LEADERS,M,90.27
UNIVERSITY NEIGHBORHOOD HIGH SCHOOL,M,87.08
EAST SIDE COMMUNITY SCHOOL,M,89.80
FORSYTH SATELLITE ACADEMY,M,43.01
MARTA VALLE HIGH SCHOOL,M,73.55
LOWER EAST SIDE PREPARATORY HIGH SCHOOL,M,64.56
NEW EXPLORATIONS INTO SCIENCE TECHNOLOG,M,94.94
CASCADES HIGH SCHOOL,M,48.14
BARD HIGH SCHOOL EARLY COLLEGE,M,96.56
TOMPKINS SQUARE MIDDLE SCHOOL,M,94.73
P.S. 001 ALFRED E. SMITH,M,94.59
P.S. 002 MEYER LONDON,M,96.15
P.S. 003 CHARRETTE SCHOOL,M,93.57
P.S. 006 LILLIE D. BLAKE,M,94.59
P.S. 011 WILLIAM T. HARRIS,M,93.87
P.S. 033 CHELSEA PREP,M,93.34
P.S. 040 AUGUSTUS SAINT GAUDENS,M,95.25
P.S. 041 GREENWICH VILLAGE,M,96.11
P.S. 042 BENJAMIN ALTMAN,M,97.38
47 THE AMERICAN SIGN LANGUAGE AND ENGLIS,M,88.42
P.S. 051 ELIAS HOWE,M,91.44
P.S. 059 BEEKMAN HILL INTERNATIONAL,M,95.64
P.S. 77 LOWER LAB SCHOOL,M,97.19
P.S. 89,M,95.59
J.H.S. 104 SIMON BARUCH,M,95.86
P.S. 111 ADOLPH S. OCHS,M,90.14
EAST SIDE MIDDLE SCHOOL,M,98.23
P.S. 116 MARY LINDLEY MURRAY,M,93.38
P.S. 124 YUNG WING,M,97.90
P.S. 126 JACOB AUGUST RIIS,M,97.32
P.S. 130 HERNANDO DE SOTO,M,98.26
M.S. 131,M,95.55
THE URBAN ASSEMBLY SCHOOL FOR EMERGENCY,M,86.77
STEPHEN T. MATHER BUILDING ARTS CRAFTS,M,82.51
P.S. 150,M,95.13
YORKVILLE COMMUNITY SCHOOL,M,92.82
P.S. 158 BAYARD TAYLOR,M,94.66
J.H.S. 167 ROBERT F. WAGNER,M,96.15
YORKVILLE EAST MIDDLE SCHOOL,M,93.91
P.S. 183 ROBERT L. STEVENSON,M,97.28
P.S. 198 ISADOR E. IDA STRAUS,M,94.80
P.S. 212 MIDTOWN WEST,M,95.23
P.S. I.S. 217 ROOSEVELT ISLAND,M,94.99
ELLA BAKER SCHOOL,M,89.40
P.S. 234 INDEPENDENCE SCHOOL,M,94.21
M.S. 255 SALK SCHOOL OF SCIENCE,M,95.91
THE CLINTON SCHOOL,M,91.42
EAST SIDE ELEMENTARY SCHOOL PS 267,M,92.95
BATTERY PARK CITY SCHOOL,M,96.01
MANHATTAN EARLY COLLEGE SCHOOL FOR ADVER,M,74.37
THE RIVER SCHOOL,M,94.34
URBAN ASSEMBLY MAKER ACADEMY,M,87.30
FOOD AND FINANCE HIGH SCHOOL,M,77.28
I.S. 289,M,95.75
P.S. 290 MANHATTAN NEW SCHOOL,M,95.49
ESSEX STREET ACADEMY,M,88.65
HIGH SCHOOL OF HOSPITALITY MANAGEMENT,M,79.45
M.S. 297,M,82.38
PACE HIGH SCHOOL,M,87.18
URBAN ASSEMBLY SCHOOL OF DESIGN AND CONS,M,74.41
FACING HISTORY SCHOOL THE,M,77.71
URBAN ASSEMBLY ACADEMY OF GOVERNMENT AND,M,81.69
LOWER MANHATTAN ARTS ACADEMY,M,81.59
NEW YORK CITY LAB MIDDLE SCHOOL FOR COLL,M,98.39
JAMES BALDWIN SCHOOL THE: A SCHOOL FOR,M,56.35
URBAN ASSEMBLY SCHOOL OF BUSINESS FOR YO,M,64.44
SIXTH AVENUE ELEMENTARY SCHOOL,M,91.71
THE PECK SLIP SCHOOL,M,95.03
THE 47 AMERICAN SIGN LANGUAGE ENGLISH,M,85.07
GRAMERCY ARTS HIGH SCHOOL,M,54.12
NYC ISCHOOL,M,93.01
DISTRICT 2 PRE K CENTER,M,89.66
MANHATTAN BUSINESS ACADEMY,M,84.81
BUSINESS OF SPORTS SCHOOL,M,87.11
EMMA LAZARUS HIGH SCHOOL,M,88.10
SPRUCE STREET SCHOOL,M,94.93
THE HIGH SCHOOL FOR LANGUAGE AND DIPLOMA,M,64.28
HIGH SCHOOL FOR ENVIRONMENTAL STUDIES,M,80.38
INSTITUTE FOR COLLABORATIVE EDUCATION,M,94.38
PROFESSIONAL PERFORMING ARTS HIGH SCHOOL,M,89.25
BARUCH COLLEGE CAMPUS HIGH SCHOOL,M,95.97
N.Y.C. LAB SCHOOL FOR COLLABORATIVE STUD,M,91.17
SCHOOL OF THE FUTURE HIGH SCHOOL,M,95.00
N.Y.C. MUSEUM SCHOOL,M,87.72
ELEANOR ROOSEVELT HIGH SCHOOL,M,96.00
MILLENNIUM HIGH SCHOOL,M,96.72
LANDMARK HIGH SCHOOL,M,53.68
HIGH SCHOOL FOR HEALTH PROFESSIONS AND H,M,86.65
QUEST TO LEARN,M,87.09
LEADERSHIP AND PUBLIC SERVICE HIGH SCHOO,M,60.84
MANHATTAN ACADEMY FOR ARTS LANGUAGE,M,85.77
MURRAY HILL ACADEMY,M,73.40
HUDSON HIGH SCHOOL OF LEARNING TECHNOLOG,M,82.03
INTERNATIONAL HIGH SCHOOL AT UNION SQUAR,M,87.32
MANHATTAN VILLAGE ACADEMY,M,96.24
BALLET TECH NYC PUBLIC SCHOOL FOR DANCE,M,97.93
VANGUARD HIGH SCHOOL,M,82.57
MANHATTAN INTERNATIONAL HIGH SCHOOL,M,89.73
STUYVESANT HIGH SCHOOL,M,-1.00
HIGH SCHOOL OF ECONOMICS AND FINANCE,M,82.50
UNITY CENTER FOR URBAN TECHNOLOGIES,M,78.94
URBAN ASSEMBLY GATEWAY SCHOOL FOR TECHNO,M,89.20
TALENT UNLIMITED HIGH SCHOOL,M,88.35
MURRY BERGTRAUM HIGH SCHOOL FOR BUSINESS,M,63.52
P.S. 527 EAST SIDE SCHOOL FOR SOCIAL A,M,94.02
JACQUELINE KENNEDY ONASSIS HIGH SCHOOL,M,68.51
REPERTORY COMPANY HIGH SCHOOL FOR THEATR,M,89.36
UNION SQUARE ACADEMY FOR HEALTH SCIENCES,M,54.47
HARVEST COLLEGIATE HIGH SCHOOL,M,85.23
MANHATTAN BRIDGES HIGH SCHOOL,M,85.82
NEW DESIGN HIGH SCHOOL,M,67.25
INDEPENDENCE HIGH SCHOOL,M,42.25
HIGH SCHOOL FOR DUAL LANGUAGE AND ASIAN,M,98.00
ACADEMY FOR SOFTWARE ENGINEERING,M,88.00
LIBERTY HIGH SCHOOL ACADEMY FOR NEWCOMER,M,83.76
URBAN ASSEMBLY NEW YORK HARBOR SCHOOL,M,87.96
HIGH SCHOOL M560 CITY AS SCHOOL,M,-1.00
URBAN ACADEMY LABORATORY HIGH SCHOOL,M,93.63
SATELLITE ACADEMY HIGH SCHOOL,M,100.00
MANHATTAN COMPREHENSIVE NIGHT AND DAY HI,M,100.00
RICHARD R. GREEN HIGH SCHOOL OF TEACHING,M,87.98
HARVEY MILK HIGH SCHOOL,M,61.81
THE HIGH SCHOOL OF FASHION INDUSTRIES,M,86.22
HUMANITIES PREPARATORY ACADEMY,M,69.36
CHELSEA CAREER AND TECHNICAL EDUCATION H,M,74.08
ART AND DESIGN HIGH SCHOOL,M,83.41
LIFE SCIENCES SECONDARY SCHOOL,M,69.26
LOWER MANHATTAN COMMUNITY MIDDLE SCHOOL,M,97.91
CITY KNOLL MIDDLE SCHOOL,M,99.43
P.S. 009 SARAH ANDERSON,M,96.29
J.H.S. 054 BOOKER T. WASHINGTON,M,93.15
P.S. 075 EMILY DICKINSON,M,94.38
P.S. 076 A. PHILIP RANDOLPH,M,90.56
P.S. 084 LILLIAN WEBER,M,93.58
P.S. 087 WILLIAM SHERMAN,M,95.71
P.S. 145 THE BLOOMINGDALE SCHOOL,M,85.02
P.S. 149 SOJOURNER TRUTH,M,95.43
P.S. 163 ALFRED E. SMITH,M,94.40
P.S. 165 ROBERT E. SIMON,M,93.24
P.S. 166 THE RICHARD RODGERS SCHOOL OF T,M,95.29
P.S. 180 HUGO NEWMAN,M,90.90
THE LOCKE SCHOOL OF ARTS AND ENGINEERING,M,88.88
THE RIVERSIDE SCHOOL FOR MAKERS AND ARTI,M,90.06
P.S. 199 JESSIE ISADOR STRAUS,M,96.44
STEM INSTITUTE OF MANHATTAN,M,90.00
P.S. 242 THE YOUNG DIPLOMATS MAGNET AC,M,91.60
M.S. 243 CENTER SCHOOL,M,98.31
M.S. M245 THE COMPUTER SCHOOL,M,95.97
M.S. M247 DUAL LANGUAGE MIDDLE SCHOOL,M,97.33
M.S. 250 WEST SIDE COLLABORATIVE MIDDLE,M,90.85
LAFAYETTE ACADEMY,M,92.05
COMMUNITY ACTION SCHOOL MS 258,M,96.31
WEST END SECONDARY SCHOOL,M,96.29
THE MAXINE GREENE HS FOR IMAGINATIVE INQ,M,75.07
URBAN ASSEMBLY SCHOOL FOR MEDIA STUDIES,M,81.08
P.S. 333 MANHATTAN SCHOOL FOR CHILDREN,M,93.76
THE ANDERSON SCHOOL,M,97.68
THE URBAN ASSEMBLY SCHOOL FOR GREEN CARE,M,77.77
THE GLOBAL LEARNING COLLABORATIVE,M,-1.00
INNOVATION DIPLOMA PLUS,M,50.84
WADLEIGH SECONDARY SCHOOL FOR THE PERFOR,M,90.93
FRANK MCCOURT HIGH SCHOOL,M,85.35
WEST PREP ACADEMY,M,91.50
P.S. 452,M,95.81
BEACON HIGH SCHOOL,M,95.32
FIORELLO H. LAGUARDIA HIGH SCHOOL OF MUS,M,91.14
HIGH SCHOOL FOR LAW ADVOCACY AND COMMUN,M,74.82
HIGH SCHOOL OF ARTS AND TECHNOLOGY,M,71.36
EDWARD A. REYNOLDS WEST SIDE HIGH SCHOOL,M,35.30
MANHATTAN HUNTER SCIENCE HIGH SCHOOL,M,96.55
SPECIAL MUSIC SCHOOL,M,94.73
FREDERICK DOUGLASS ACADEMY II SECONDARY,M,80.45
MOTT HALL II,M,94.45
P.S. 007 SAMUEL STERN,M,86.43
TAG YOUNG SCHOLARS,M,97.81
RIVER EAST ELEMENTARY,M,92.80
P.S. 38 ROBERTO CLEMENTE,M,86.77
JAMES WELDON JOHNSON,M,89.75
THE LEXINGTON ACADEMY,M,92.32
P.S. 083 LUIS MUNOZ RIVERA,M,94.74
P.S. 096 JOSEPH LANZETTA,M,92.06
P.S. 102 JACQUES CARTIER,M,90.90
P.S. 108 ASSEMBLYMAN ANGELO DEL TORO EDU,M,88.65
P.S. 112 JOSE CELSO BARBOSA,M,88.99
P.S. 146 ANN M. SHORT,M,93.93
P.S. 155 WILLIAM PACA,M,95.10
P.S. 171 PATRICK HENRY,M,92.19
THE BILINGUAL BICULTURAL SCHOOL,M,92.26
P.S. 206 JOSE CELSO BARBOSA,M,93.48
M.S. 224 MANHATTAN EAST SCHOOL FOR ARTS,M,95.21
THE JUDITH S. KAYE HIGH SCHOOL,M,53.73
ESPERANZA PREPARATORY ACADEMY,M,84.68
MOSAIC PREPARATORY ACADEMY,M,89.76
RENAISSANCE SCHOOL OF THE ARTS,M,92.21
MANHATTAN CENTER FOR SCIENCE AND MATHEMA,M,89.50
PARK EAST HIGH SCHOOL,M,86.45
CENTRAL PARK EAST I,M,95.21
CENTRAL PARK EAST HIGH SCHOOL,M,96.23
YOUNG WOMEN S LEADERSHIP SCHOOL,M,94.76
HERITAGE SCHOOL THE,M,76.56
ISAAC NEWTON MIDDLE SCHOOL FOR MATH SC,M,93.24
CENTRAL PARK EAST II,M,92.09
P.S. 030 HERNANDEZ HUGHES,M,92.27
P.S. 036 MARGARET DOUGLAS,M,92.81
P.S. 046 ARTHUR TAPPAN,M,90.30
P.S. 092 MARY MCLEOD BETHUNE,M,91.30
P.S. 123 MAHALIA JACKSON,M,90.77
P.S. 125 RALPH BUNCHE,M,93.24
P.S. 129 JOHN H. FINLEY,M,88.20
P.S. 133 FRED R MOORE,M,91.59
EAGLE ACADEMY FOR YOUNG MEN OF HARLEM,M,80.16
P.S. 154 HARRIET TUBMAN,M,93.88
THE URBAN ASSEMBLY SCHOOL FOR GLOBAL COM,M,77.87
P.S. 161 PEDRO ALBIZU CAMPOS,M,91.90
P.S. 175 HENRY H GARNET,M,93.08
P.S. 194 COUNTEE CULLEN,M,87.27
P.S. 197 JOHN B. RUSSWURM,M,91.56
P.S. 200 THE JAMES MCCUNE SMITH SCHOOL,M,90.15
HARLEM RENAISSANCE HIGH SCHOOL,M,36.97
URBAN ASSEMBLY ACADEMY FOR FUTURE LEADER,M,87.78
MOTT HALL HIGH SCHOOL,M,78.77
THURGOOD MARSHALL ACADEMY LOWER SCHOOL,M,91.42
COLUMBIA SECONDARY SCHOOL,M,93.90
URBAN ASSEMBLY SCHOOL FOR THE PERFORMING,M,69.38
FREDERICK DOUGLASS ACADEMY,M,83.98
NEW DESIGN MIDDLE SCHOOL,M,87.68
TEACHERS COLLEGE COMMUNITY SCHOOL,M,94.30
THURGOOD MARSHALL ACADEMY FOR LEARNING A,M,91.02
HIGH SCHOOL FOR MATHEMATICS SCIENCE AND,M,93.91
P.S. 004 DUKE ELLINGTON,M,92.09
P.S. 005 ELLEN LURIE,M,89.25
P.S. 008 LUIS BELLIARD,M,92.20
P.S. 018 PARK TERRACE,M,93.55
P.S. 028 WRIGHT BROTHERS,M,92.11
P.S. 048 P.O. MICHAEL J. BUCZEK,M,95.81
HAROLD O. LEVY SCHOOL,M,95.20
P.S. 098 SHORAC KAPPOCK,M,93.33
DOS PUENTES ELEMENTARY SCHOOL,M,96.35
P.S. 115 ALEXANDER HUMBOLDT,M,91.04
P.S. 128 AUDUBON,M,92.53
P.S. 132 JUAN PABLO DUARTE,M,95.00
J.H.S. 143 ELEANOR ROOSEVELT,M,94.98
P.S. 152 DYCKMAN VALLEY,M,92.10
P.S. 153 ADAM CLAYTON POWELL,M,95.53
P.S. 173,M,92.71
PROFESSOR JUAN BOSCH PUBLIC SCHOOL,M,97.00
P.S. I.S. 187 HUDSON CLIFFS,M,95.50
P.S. 189,M,94.14
P.S. 192 JACOB H. SCHIFF,M,92.23
HAMILTON GRANGE MIDDLE SCHOOL,M,93.26
P.S. I.S. 210 TWENTY FIRST CENTURY ACA,M,94.81
INWOOD EARLY COLLEGE FOR HEALTH AND INFO,M,72.11
THE MOTT HALL SCHOOL,M,94.64
PAULA HEDBAVNY SCHOOL,M,95.62
CITY COLLEGE ACADEMY OF THE ARTS,M,97.88
AMISTAD DUAL LANGUAGE SCHOOL,M,94.63
MUSCOTA,M,96.58
M.S. 319 MARIA TERESA,M,97.40
MIDDLE SCHOOL 322,M,94.36
M.S. 324 PATRIA MIRABAL,M,92.01
COMMUNITY MATH SCIENCE PREP,M,87.44
COMMUNITY HEALTH ACADEMY OF THE HEIGHTS,M,89.07
WASHINGTON HEIGHTS EXPEDITIONARY LEARNIN,M,90.81
HARBOR HEIGHTS,M,93.75
WASHINGTON HEIGHTS ACADEMY,M,92.81
HAMILTON HEIGHTS SCHOOL,M,96.22
HIGH SCHOOL FOR EXCELLENCE AND INNOVATIO,M,72.83
THE COLLEGE ACADEMY,M,83.50
HIGH SCHOOL FOR MEDIA AND COMMUNICATIONS,M,83.56
HIGH SCHOOL FOR LAW AND PUBLIC SERVICE,M,81.75
HIGH SCHOOL FOR HEALTH CAREERS AND SCIEN,M,78.13
CASTLE BRIDGE SCHOOL,M,94.58
I.S. 528 BEA FULLER RODGERS SCHOOL,M,98.27
A. PHILIP RANDOLPH CAMPUS HIGH SCHOOL,M,-1.00
GREGORIO LUPERON HIGH SCHOOL FOR SCIENCE,M,90.53
P.S. 001 COURTLANDT SCHOOL,X,89.04
P.S. 5 PORT MORRIS,X,92.40
P.S. 018 JOHN PETER ZENGER,X,81.97
P.S. 025 BILINGUAL SCHOOL,X,92.46
P.S. M.S. 029 MELROSE SCHOOL,X,88.55
P.S. 030 WILTON,X,89.30
P.S. M.S. 031 THE WILLIAM LLOYD GARRISON,X,93.17
P.S. 043 JONAS BRONCK,X,89.05
P.S. 049 WILLIS AVENUE,X,90.47
P.S. 065 MOTHER HALE ACADEMY,X,87.66
J.H.S. 151 LOU GEHRIG,X,84.16
P.S. 154 JONATHAN D. HYATT,X,90.82
P.S. 157 GROVE HILL,X,90.19
P.S. 161 JUAN PONCE DE LEON SCHOOL,X,87.21
P.S. 179,X,86.60
SOUTH BRONX PREPARATORY: A COLLEGE BOARD,X,93.72
THE LABORATORY SCHOOL OF FINANCE AND TEC,X,90.18
P.S. I.S. 224,X,94.04
H.E.R.O. HIGH HEALTH EDUCATION AND RE,X,82.15
P.S. 277,X,89.48
SOUTH BRONX ACADEMY FOR APPLIED MEDIA,X,91.98
ACADEMY OF PUBLIC RELATIONS,X,91.11
INTERNATIONAL COMMUNITY HIGH SCHOOL,X,82.42
ACADEMY OF APPLIED MATHEMATICS AND TECHN,X,96.41
CONCOURSE VILLAGE ELEMENTARY SCHOOL,X,94.79
YOUNG LEADERS ELEMENTARY SCHOOL,X,92.94
JILL CHAIFETZ TRANSFER HIGH SCHOOL,X,54.90
BRONX HAVEN HIGH SCHOOL,X,48.38
COMMUNITY SCHOOL FOR SOCIAL JUSTICE,X,80.19
MOTT HAVEN VILLAGE PREPARATORY HIGH SCHO,X,71.00
UNIVERSITY HEIGHTS SECONDARY SCHOOL,X,89.98
HOSTOS LINCOLN ACADEMY OF SCIENCE,X,91.52
BRONX DESIGN AND CONSTRUCTION ACADEMY,X,75.42
BRONX LEADERSHIP ACADEMY II HIGH SCHOOL,X,80.77
LEARNING THROUGH PLAY PRE K CENTER,X,77.43
CAREERS IN SPORTS HIGH SCHOOL,X,68.95
THE URBAN ASSEMBLY BRONX ACADEMY OF LETT,X,70.60
MOTT HAVEN COMMUNITY HIGH SCHOOL,X,52.60
I.S. 584,X,91.70
ALFRED E. SMITH CAREER AND TECHNICAL EDU,X,86.33
HEALTH OPPORTUNITIES HIGH SCHOOL,X,71.07
P.S. X014 SENATOR JOHN CALANDRA,X,92.73
P.S. 036 UNIONPORT,X,93.75
P.S. 048 JOSEPH R. DRAKE,X,92.09
P.S. 062 INOCENSIO CASANOVA,X,91.10
P.S. 069 JOURNEY PREP SCHOOL,X,91.80
P.S. 071 ROSE E. SCALA,X,90.97
P.S. 072 DR. WILLIAM DORNEY,X,90.02
P.S. 75 SCHOOL OF RESEARCH AND DISCOVERY,X,94.34
P.S. 093 ALBERT G. OLIVER,X,92.09
P.S. 100 ISAAC CLASON,X,88.79
M.S. X101 EDWARD R. BYRNE,X,94.82
P.S. 107,X,91.24
THE DR. EMMETT W. BASSETT SCHOOL,X,91.06
J.H.S. 123 JAMES M. KIERAN,X,90.84
P.S. 130 ABRAM STEVENS HEWITT,X,92.93
J.H.S. 131 ALBERT EINSTEIN,X,89.18
P.S. 138 SAMUEL RANDALL,X,91.23
P.S. X140 THE EAGLE SCHOOL,X,90.69
P.S. 146 EDWARD COLLINS,X,90.53
P.S. 152 EVERGREEN,X,93.92
P.S. 182,X,94.42
BRONX STUDIO SCHOOL FOR WRITERS AND ARTI,X,84.98
WOMEN S ACADEMY OF EXCELLENCE,X,75.74
RENAISSANCE HIGH SCHOOL FOR MUSICAL THEA,X,73.93
M.S. 301 PAUL L. DUNBAR,X,89.15
M.S. 302 LUISA DESSUS CRUZ,X,89.13
P.S. 304 EARLY CHILDHOOD SCHOOL,X,94.07
MILLENNIUM ART ACADEMY,X,36.68
PELHAM LAB HIGH SCHOOL,X,80.00
THE LONGWOOD ACADEMY OF DISCOVERY,X,89.88
THE SCHOOL FOR INQUIRY AND SOCIAL JUSTIC,X,94.67
SCHUYLERVILLE PREPARATORY HIGH SCHOOL,X,86.10
BRONX RIVER HIGH SCHOOL,X,81.23
ARCHIMEDES ACADEMY FOR MATH SCIENCE AND,X,87.75
URBAN INSTITUTE OF MATHEMATICS,X,91.73
THE BRONX MATHEMATICS PREPARATORY SCHOOL,X,88.54
ANTONIA PANTOJA PREPARATORY ACADEMY: A C,X,44.97
BRONX COMMUNITY HIGH SCHOOL,X,34.00
BRONX DELTA SCHOOL,X,91.95
HERBERT H. LEHMAN HIGH SCHOOL,X,75.30
THE HUNTS POINT SCHOOL,X,92.73
BRONX BRIDGES HIGH SCHOOL,X,28.00
SOUNDVIEW ACADEMY FOR CULTURE AND SCHOLA,X,92.48
GOTHAM COLLABORATIVE HIGH SCHOOL,X,35.52
MOTT HALL COMMUNITY SCHOOL,X,92.44
LONGWOOD PREPARATORY ACADEMY,X,80.50
BRONX ARENA HIGH SCHOOL,X,-1.00
WESTCHESTER SQUARE ACADEMY,X,77.69
SCHOOL FOR TOURISM AND HOSPITALITY,X,67.53
BRONX COMPASS HIGH SCHOOL,X,40.81
BLUEPRINT MIDDLE SCHOOL,X,91.89
P.S. 583,X,90.52
P.S. M.S. 004 CROTONA PARK WEST,X,89.09
P.S. 011 HIGHBRIDGE,X,90.38
J.H.S. 022 JORDAN L. MOTT,X,94.53
P.S. 028 MOUNT HOPE,X,90.73
P.S. 035 FRANZ SIEGEL,X,93.72
P.S. 042 CLAREMONT,X,93.56
P.S. 053 BASHEER QUISIM,X,91.04
P.S. 055 BENJAMIN FRANKLIN,X,88.87
P.S. 058,X,93.22
P.S. 063 AUTHOR S ACADEMY,X,91.16
P.S. 070 MAX SCHOENFELD,X,91.53
P.S. 073 BRONX,X,90.01
P.S. X088 S. SILVERSTEIN LITTLE SPARRO,X,92.95
P.S. 109 SEDGWICK,X,91.96
P.S. 110 THEODORE SCHOENFELD,X,91.21
P.S. X114 LUIS LLORENS TORRES SCHOOLS,X,94.81
I.S. 117 JOSEPH H. WADE,X,92.49
P.S. 126 DR MARJORIE H DUNBAR,X,-1.00
MOTT HALL III,X,96.55
P.S. 132 GARRET A. MORGAN,X,88.53
P.S. 163 ARTHUR A. SCHOMBURG,X,94.80
P.S. 170,X,96.56
P.S. 199X THE SHAKESPEARE SCHOOL,X,90.62
P.S. 204 MORRIS HEIGHTS,X,92.30
KAPPA,X,93.88
P.S. I.S. 218 RAFAEL HERNANDEZ DUAL LANG,X,92.62
I.S. 219 NEW VENTURE SCHOOL,X,89.85
BRONX COLLEGIATE ACADEMY,X,75.54
I.S. 229 ROLAND PATTERSON,X,91.66
EAGLE ACADEMY FOR YOUNG MEN,X,80.89
I.S. 232,X,83.26
P.S. 236 LANGSTON HUGHES,X,95.75
URBAN ASSEMBLY SCHOOL FOR APPLIED MATH A,X,89.54
EXIMIUS COLLEGE PREPARATORY ACADEMY: A C,X,84.54
MOTT HALL BRONX HIGH SCHOOL,X,83.47
BRONX CENTER FOR SCIENCE AND MATHEMATICS,X,86.09
VALIDUS PREPARATORY ACADEMY,X,78.75
THE NEW AMERICAN ACADEMY AT ROBERTO CLEM,X,85.67
THE WALTON AVENUE SCHOOL,X,93.13
MORRIS ACADEMY FOR COLLABORATIVE STUDIES,X,77.05
I.S. X303 LEADERSHIP COMMUNITY SERVICE,X,92.03
LUCERO ELEMENTARY SCHOOL,X,93.02
I.S. 313 SCHOOL OF LEADERSHIP DEVELOPMEN,X,94.27
BRONX WRITING ACADEMY,X,91.04
BRONX EARLY COLLEGE ACADEMY FOR TEACHING,X,88.79
COMPREHENSIVE MODEL SCHOOL PROJECT M.S.,X,89.97
NEW MILLENNIUM BUSINESS ACADEMY MIDDLE S,X,91.83
DREAMYARD PREPARATORY SCHOOL,X,82.30
I.S. 339,X,91.54
NEW DIRECTIONS SECONDARY SCHOOL,X,53.12
THE HIGHBRIDGE GREEN SCHOOL,X,96.01
ACADEMY FOR LANGUAGE AND TECHNOLOGY,X,87.26
BRONX INTERNATIONAL HIGH SCHOOL,X,77.06
SCHOOL FOR EXCELLENCE,X,46.36
BRONX HIGH SCHOOL OF BUSINESS,X,81.60
BRONX HIGH SCHOOL FOR MEDICAL SCIENCE,X,93.79
THE FAMILY SCHOOL,X,92.76
GRANT AVENUE ELEMENTARY SCHOOL,X,92.30
SCIENCE AND TECHNOLOGY ACADEMY: A MOTT H,X,93.59
SHERIDAN ACADEMY FOR YOUNG LEADERS,X,86.80
BRONX SCHOOL FOR LAW GOVERNMENT AND JUS,X,91.76
FREDERICK DOUGLASS ACADEMY III SECONDARY,X,65.22
BRONX LEADERSHIP ACADEMY HIGH SCHOOL,X,76.17
HIGH SCHOOL FOR VIOLIN AND DANCE,X,64.28
MOUNT EDEN CHILDREN S ACADEMY,X,96.93
CLAREMONT INTERNATIONAL HS,X,83.94
YOUNG WOMEN S LEADERSHIP SCHOOL OF THE B,X,-1.00
GARDEN OF LEARNING AND DISCOVERY PRE K C,X,82.95
SOUTH BRONX INTERNATIONAL MIDDLE SCHOOL,X,98.07
M.S. 594,X,91.74
P.S. 3 RAUL JULIA MICRO SOCIETY,X,96.51
MILTON FEIN SCHOOL,X,97.39
P.S. 008 ISAAC VARIAN,X,90.59
P.S. 9 RYER AVENUE ELEMENTARY SCHOOL,X,91.99
P.S. X015 INSTITUTE FOR ENVIRONMENTAL LE,X,94.73
PS MS 20 P.O.GEORGE J. WERDANN III,X,90.58
P.S. 023 THE NEW CHILDREN S SCHOOL,X,91.70
P.S. 024 SPUYTEN DUYVIL,X,93.87
P.S. 032 BELMONT,X,92.61
P.S. 033 TIMOTHY DWIGHT,X,93.17
P.S. X037 MULTIPLE INTELLIGENCE SCHOOL,X,89.83
THOMAS C. GIORDANO MIDDLE SCHOOL 45,X,93.22
P.S. 046 EDGAR ALLAN POE,X,89.98
P.S. 051 BRONX NEW SCHOOL,X,92.57
P.S. I.S. 54,X,93.85
P.S. 056 NORWOOD HEIGHTS,X,93.81
P.S. 059 THE COMMUNITY SCHOOL OF TECHNOL,X,88.38
BEDFORD PARK ELEMENTARY SCHOOL,X,95.16
J.H.S. 080 THE MOSHOLU PARKWAY,X,93.65
P.S. 081 ROBERT J. CHRISTEN,X,92.83
P.S. 085 GREAT EXPECTATIONS,X,93.93
P.S. 086 KINGSBRIDGE HEIGHTS,X,92.76
P.S. 091 BRONX,X,90.69
P.S. 094 KINGS COLLEGE SCHOOL,X,91.68
P.S. 095 SHEILA MENCHER,X,91.40
J.H.S. 118 WILLIAM W. NILES,X,90.89
RIVERDALE KINGSBRIDGE ACADEMY MIDDLE,X,88.29
P.S. 159 LUIS MUNOZ MARIN BILING,X,93.15
P.S. 205 FIORELLO LAGUARDIA,X,92.90
I.S. 206 ANN MERSEREAU,X,90.00
P.S. 207,X,93.21
P.S. 209,X,93.75
BRONX ENGINEERING AND TECHNOLOGY ACADEMY,X,74.34
THEATRE ARTS PRODUCTION COMPANY SCHOOL,X,72.34
P.S. 226,X,95.53
JONAS BRONCK ACADEMY,X,96.66
THE MARIE CURIE SCHOOL FOR MEDICINE NUR,X,78.75
WEST BRONX ACADEMY FOR THE FUTURE,X,89.18
THE NEW SCHOOL FOR LEADERSHIP AND JOURNA,X,94.05
P.S. 246 POE CENTER,X,91.14
I.S. 254,X,93.07
BRONX ACADEMY FOR SOFTWARE ENGINEERING,X,75.81
KINGSBRIDGE INTERNATIONAL HIGH SCHOOL,X,86.62
P.S. 279 CAPTAIN MANUEL RIVERA JR.,X,95.93
P.S. M.S. 280 MOSHOLU PARKWAY,X,92.75
BRONX SCHOOL OF LAW AND FINANCE,X,78.26
P.S. 291,X,92.92
P.S. 306,X,94.01
LUISA PINEIRO FUENTES SCHOOL OF SCIENCE,X,94.52
BRONX DANCE ACADEMY SCHOOL,X,93.96
P.S. 310 MARBLE HILL,X,94.06
P.S. 315 LAB SCHOOL,X,93.56
PROVIDING URBAN LEARNERS SUCCESS IN EDUC,X,49.34
THE BRONX SCHOOL OF YOUNG LEADERS,X,95.22
P.S. 340,X,92.66
INTERNATIONAL SCHOOL FOR LIBERAL ARTS,X,87.98
AMPARK NEIGHBORHOOD,X,93.08
BRONX COLLABORATIVE HIGH SCHOOL,X,67.73
WORLD VIEW HIGH SCHOOL,X,90.99
P.S. 360,X,92.07
ACADEMY FOR PERSONAL LEADERSHIP AND EXCE,X,94.23
IN TECH ACADEMY M.S. HIGH SCHOOL 368,X,94.14
KNOWLEDGE AND POWER PREPARATORY ACADEMY,X,-1.00
ELEMENTARY SCHOOL FOR MATH SCIENCE AND,X,93.77
SCHOOL FOR ENVIRONMENTAL CITIZENSHIP,X,93.62
M.S. 390,X,94.45
THE ANGELO PATRI MIDDLE SCHOOL,X,91.02
P.S. 396,X,96.41
ENGLISH LANGUAGE LEARNERS AND INTERNATIO,X,81.74
HIGH SCHOOL FOR TEACHING AND THE PROFESS,X,83.62
BELMONT PREPARATORY HIGH SCHOOL,X,85.41
FORDHAM HIGH SCHOOL FOR THE ARTS,X,92.53
FORDHAM LEADERSHIP ACADEMY,X,87.16
BRONX HIGH SCHOOL FOR LAW AND COMMUNITY,X,88.83
DEWITT CLINTON HIGH SCHOOL,X,75.49
CELIA CRUZ BRONX HIGH SCHOOL OF MUSIC T,X,91.08
THE BRONX HIGH SCHOOL OF SCIENCE,X,95.70
CRESTON ACADEMY,X,94.97
EAST FORDHAM ACADEMY FOR THE ARTS,X,91.39
MARBLE HILL HIGH SCHOOL FOR INTERNATIONA,X,94.29
CROTONA INTERNATIONAL HIGH SCHOOL,X,77.67
ROSE HILL PRE K CENTER,X,82.30
BRONX THEATRE HIGH SCHOOL,X,76.34
DISCOVERY HIGH SCHOOL,X,-1.00
HIGH SCHOOL FOR ENERGY AND TECHNOLOGY,X,81.00
HIGH SCHOOL OF AMERICAN STUDIES AT LEHMA,X,95.58
P.S. 016 WAKEFIELD,X,89.85
P.S. 019 JUDITH K. WEISS,X,93.53
P.S. 021 PHILIP H. SHERIDAN,X,87.70
P.S. 041 GUN HILL ROAD,X,92.81
P.S. 068 BRONX,X,94.18
P.S. 076 THE BENNINGTON SCHOOL,X,90.61
P.S. 078 ANNE HUTCHINSON,X,92.91
P.S. 083 DONALD HERTZ,X,95.50
P.S. 087 BRONX,X,93.00
P.S. 089 BRONX,X,93.46
P.S. 096 RICHARD RODGERS,X,89.89
P.S. 097 BRONX,X,95.37
P.S. 103 HECTOR FONTANEZ,X,89.65
P.S. 105 SEN ABRAHAM BERNSTEIN,X,91.41
P.S. 106 PARKCHESTER,X,94.03
P.S. 108 PHILIP J. ABINANTI,X,94.77
P.S. 111 SETON FALLS,X,90.31
P.S. 112 BRONXWOOD,X,91.53
P.S. 121 THROOP,X,93.02
J.H.S. 127 THE CASTLE HILL,X,92.09
J.H.S. 144 MICHELANGELO,X,91.51
P.S. 153 HELEN KELLER,X,95.12
P.S. 160 WALT DISNEY,X,96.28
BAYCHESTER ACADEMY,X,93.91
P.S. 175 CITY ISLAND,X,92.08
P.S. 178 DR. SELMAN WAKSMAN,X,93.79
M.S. 180 DR. DANIEL HALE WILLIAMS,X,95.45
I.S. 181 PABLO CASALS,X,92.16
CORNERSTONE ACADEMY FOR SOCIAL ACTION,X,92.58
P.S. M.S. 194,X,95.30
BRONX HEALTH SCIENCES HIGH SCHOOL,X,96.76
BRONX HIGH SCHOOL FOR WRITING AND COMMUN,X,73.37
BRONX LAB SCHOOL,X,73.56
ACADEMY FOR SCHOLARSHIP AND ENTREPRENEUR,X,79.36
HIGH SCHOOL OF COMPUTERS AND TECHNOLOGY,X,75.38
NORTH BRONX SCHOOL OF EMPOWERMENT,X,90.06
COLLEGIATE INSTITUTE FOR MATH AND SCIENC,X,86.55
BRONX ACADEMY OF HEALTH CAREERS,X,83.60
ASTOR COLLEGIATE ACADEMY,X,78.45
BRONX GREEN MIDDLE SCHOOL,X,92.61
BRONX ALLIANCE MIDDLE SCHOOL,X,90.00
YOUNG VOICES ACADEMY OF THE BRONX,X,91.16
LEADERS OF TOMORROW,X,91.62
BRONX HIGH SCHOOL FOR THE VISUAL ARTS,X,83.17
HARRY S TRUMAN HIGH SCHOOL,X,79.81
CORNERSTONE ACADEMY FOR SOCIAL ACTION MI,X,91.76
PELHAM ACADEMY OF ACADEMICS AND COMMUNIT,X,92.69
THE STEAM BRIDGE SCHOOL,X,92.34
THE MATILDA AVENUE SCHOOL,X,93.52
P.S. M.S. 11X498 VAN NEST ACADEMY,X,95.97
BRONXDALE HIGH SCHOOL,X,-1.00
HIGH SCHOOL OF LANGUAGE AND INNOVATION,X,88.28
NEW WORLD HIGH SCHOOL,X,89.50
THE BRONXWOOD PREPARATORY ACADEMY,X,74.24
ONE WORLD MIDDLE SCHOOL AT EDENWALD,X,94.64
BAYCHESTER MIDDLE SCHOOL,X,91.90
DISTRICT 11 PRE K CENTER,X,85.18
PELHAM PREPARATORY ACADEMY,X,85.82
HIGH SCHOOL FOR CONTEMPORARY ARTS,X,71.23
BRONX AEROSPACE HIGH SCHOOL,X,66.66
BRONX PARK MIDDLE SCHOOL,X,91.44
PELHAM GARDENS MIDDLE SCHOOL,X,91.56
LINDEN TREE ELEMENTARY SCHOOL,X,93.47
P.S. 006 WEST FARMS,X,91.11
P.S. 044 DAVID C. FARRAGUT,X,87.58
P.S. 047 JOHN RANDOLPH,X,93.72
P.S. 057 CRESCENT,X,93.42
P.S. 061 FRANCISCO OLLER,X,91.27
P.S. 066 SCHOOL OF HIGHER EXPECTATIONS,X,90.36
P.S. 067 MOHEGAN SCHOOL,X,86.98
J.H.S. 098 HERMAN RIDDER,X,81.05
M.S. 129 ACADEMY FOR INDEPENDENT LEARNIN,X,91.65
P.S. 134 GEORGE F. BRISTOW,X,89.74
P.S. 150 CHARLES JAMES FOX,X,89.78
E.S.M.T I.S. 190,X,93.47
P.S. 195,X,92.04
P.S. 196,X,93.80
P.S. 211,X,94.75
P.S. 212,X,90.57
P.S. 214,X,88.82
SCHOOL OF PERFORMING ARTS,X,89.52
MOTT HALL V,X,88.39
METROPOLITAN HIGH SCHOOL THE,X,68.64
EXPLORATIONS ACADEMY H.S.,X,80.88
BRONX LATIN,X,88.38
EAST BRONX ACADEMY FOR THE FUTURE,X,82.08
FREDERICK DOUGLASS ACADEMY V. MIDDLE SCH,X,91.07
FANNIE LOU HAMER MIDDLE SCHOOL,X,90.61
THE SCHOOL OF SCIENCE AND APPLIED LEARNI,X,-1.00
FAIRMONT NEIGHBORHOOD SCHOOL,X,92.40
KAPPA III,X,94.98
I.S. X318 MATH SCIENCE TECHNOLOGY THR,X,90.98
ACCION ACADEMY,X,92.15
EMOLIOR ACADEMY,X,91.38
PAN AMERICAN INTERNATIONAL HIGH SCHOOL A,X,86.87
ARTURO A. SCHOMBURG SATELLITE ACADEMY BR,X,64.20
SAMARA COMMUNITY SCHOOL,X,95.45
URBAN SCHOLARS COMMUNITY SCHOOL,X,95.09
THE CINEMA SCHOOL,X,90.29
BRONX CAREER AND COLLEGE PREPARATORY HIG,X,71.48
BRONX REGIONAL HIGH SCHOOL,X,54.14
BRONX ENVISION ACADEMY,X,79.50
THE METROPOLITAN SOUNDVIEW HIGH SCHOOL,X,76.75
ARCHER ELEMENTARY SCHOOL,X,86.85
P.S. 536,X,94.04
HIGH SCHOOL OF WORLD CULTURES,X,68.43
P.S. 595,X,84.96
FANNIE LOU HAMER FREEDOM HIGH SCHOOL,X,77.35
WINGS ACADEMY,X,65.09
BRONX LITTLE SCHOOL,X,93.89
P.S. 003 THE BEDFORD VILLAGE,K,88.18
P.S. 008 ROBERT FULTON,K,93.81
P.S. 009 TEUNIS G. BERGEN,K,93.50
P.S. 011 PURVIS J. BEHAN,K,95.52
P.S. 020 CLINTON HILL,K,91.52
P.S. 044 MARCUS GARVEY,K,86.08
P.S. 046 EDWARD C. BLUM,K,84.90
P.S. 054 SAMUEL C. BARNES,K,92.34
P.S. 056 LEWIS H. LATIMER,K,89.01
P.S. 067 CHARLES A. DORSEY,K,89.51
P.S. 093 WILLIAM H. PRESCOTT,K,84.51
M.S. 113 RONALD EDMONDS LEARNING CENTER,K,90.64
P.S. 133 WILLIAM A. BUTLER,K,94.91
P.S. 256 BENJAMIN BANNEKER,K,86.61
DR. SUSAN S. MCKINNEY SECONDARY SCHOOL O,K,79.86
M.S. K266 PARK PLACE COMMUNITY MIDDLE,K,90.90
P.S. 270 JOHANN DEKALB,K,-1.00
P.S. 282 PARK SLOPE,K,92.47
P.S. 287 BAILEY K. ASHFORD,K,82.31
SATELLITE EAST MIDDLE SCHOOL,K,96.20
P.S. 305 DR. PETER RAY,K,91.03
P.S. 307 DANIEL HALE WILLIAMS,K,82.80
DOCK STREET SCHOOL FOR STEAM STUDIES,K,93.38
URBAN ASSEMBLY SCHOOL FOR MUSIC AND ART,K,68.55
THE URBAN ASSEMBLY UNISON SCHOOL,K,89.57
BROOKLYN COMMUNITY ARTS MEDIA HIGH SCH,K,79.89
SCIENCE SKILLS CENTER HIGH SCHOOL FOR SC,K,-1.00
BROOKLYN TECHNICAL HIGH SCHOOL,K,93.53
BROOKLYN INTERNATIONAL HIGH SCHOOL,K,93.82
THE URBAN ASSEMBLY SCHOOL FOR LAW AND JU,K,84.61
ACADEMY OF ARTS AND LETTERS,K,97.77
ACORN COMMUNITY HIGH SCHOOL,K,52.85
URBAN ASSEMBLY INSTITUTE OF MATH AND SCI,K,81.42
BROOKLYN ACADEMY HIGH SCHOOL,K,47.80
GOTHAM PROFESSIONAL ARTS ACADEMY,K,71.42
BEDFORD ACADEMY HIGH SCHOOL,K,91.50
GEORGE WESTINGHOUSE CAREER AND TECHNICAL,K,82.14
BROOKLYN HIGH SCHOOL FOR LEADERSHIP AND,K,22.33
BENJAMIN BANNEKER ACADEMY,K,86.67
CITY POLYTECHNIC HIGH SCHOOL OF ENGINEER,K,89.29
FORT GREENE PREPARATORY ACADEMY,K,-1.00
DISTRICT 13 PRE K CENTER,K,88.40
P.S. 016 LEONARD DUNKLY,K,92.03
P.S. 017 HENRY D. WOODWORTH,K,94.48
P.S. 018 EDWARD BUSH,K,90.20
P.S. 023 CARTER G. WOODSON,K,89.96
P.S. 031 SAMUEL F. DUPONT,K,94.19
P.S. 034 OLIVER H. PERRY,K,94.39
J.H.S. 050 JOHN D. WELLS,K,91.53
P.S. 059 WILLIAM FLOYD,K,89.55
JUAN MOREL CAMPOS SECONDARY SCHOOL,K,79.28
P.S. 084 JOSE DE DIEGO,K,93.82
P.S. 110 THE MONITOR,K,94.78
P.S. 120 CARLOS TAPIA,K,93.71
JOHN ERICSSON MIDDLE SCHOOL 126,K,90.42
P.S. 132 THE CONSELYEA SCHOOL,K,94.49
P.S. 147 ISAAC REMSEN,K,88.21
P.S. I.S. 157 THE BENJAMIN FRANKLIN HEAL,K,93.09
P.S. 196 TEN EYCK,K,91.15
P.S. 250 GEORGE H. LINDSAY,K,92.29
P.S. 257 JOHN F. HYLAN,K,92.16
P.S. 297 ABRAHAM STOCKTON,K,91.78
I.S. 318 EUGENIO MARIA DE HOSTOS,K,95.08
P.S. 319,K,92.92
P.S. 380 JOHN WAYNE ELEMENTARY,K,94.25
BROOKLYN ARBOR ELEMENTARY SCHOOL,K,92.25
BROOKLYN LATIN SCHOOL THE,K,93.09
THE WILLIAMSBURG HIGH SCHOOL OF ART AND,K,-1.00
PROGRESS HIGH SCHOOL FOR PROFESSIONAL CA,K,68.40
EAST WILLIAMSBURG SCHOLARS ACADEMY,K,61.38
THE HIGH SCHOOL FOR ENTERPRISE BUSINESS,K,78.03
BROOKLYN PREPARATORY HIGH SCHOOL,K,57.19
WILLIAMSBURG HIGH SCHOOL FOR ARCHITECTUR,K,90.20
WILLIAMSBURG PREPARATORY SCHOOL,K,89.37
CONSELYEA PREPARATORY SCHOOL,K,92.63
M.S. 582,K,94.31
LYONS COMMUNITY SCHOOL,K,80.26
AUTOMOTIVE HIGH SCHOOL,K,83.06
YOUNG WOMEN S LEADERSHIP SCHOOL OF BROOK,K,87.33
EL PUENTE ACADEMY FOR PEACE AND JUSTICE,K,-1.00
P.S. 001 THE BERGEN,K,95.29
MAGNET SCHOOL OF MATH SCIENCE AND DESIG,K,96.53
P.S. 015 PATRICK F. DALY,K,91.54
P.S. 024,K,95.53
P.S. 029 JOHN M. HARRIGAN,K,96.09
P.S. 032 SAMUEL MILLS SPROLE,K,94.94
P.S. 038 THE PACIFIC,K,90.73
P.S. 039 HENRY BRISTOW,K,97.55
M.S. 51 WILLIAM ALEXANDER,K,96.72
P.S. 058 THE CARROLL,K,95.92
J.H.S. 088 PETER ROUGET,K,94.06
P.S. 094 THE HENRY LONGFELLOW,K,97.03
P.S. 107 JOHN W. KIMBALL,K,96.35
THE MAURICE SENDAK COMMUNITY SCHOOL,K,94.15
P.S. 124 SILAS B. DUTCHER,K,90.87
P.S. 130 THE PARKSIDE,K,94.96
P.S. 131 BROOKLYN,K,95.80
I.S. 136 CHARLES O. DEWEY,K,94.79
THE BROOKLYN NEW SCHOOL P.S. 146,K,94.50
THE WINDSOR TERRACE SCHOOL,K,94.51
P.S. 169 SUNSET PARK,K,96.46
P.S. 172 BEACON SCHOOL OF EXCELLENCE,K,93.75
P.S. 230 DORIS L. COHEN,K,95.68
P.S. 261 PHILIP LIVINGSTON,K,92.69
P.S. 295,K,94.40
P.S. 321 WILLIAM PENN,K,94.67
THE CHILDREN S SCHOOL,&nbsp;,97.27
BROOKLYN FRONTIERS HIGH SCHOOL,K,69.67
DIGITAL ARTS AND CINEMA TECHNOLOGY HIGH,K,92.14
M.S. 442 CARROLL GARDENS SCHOOL FOR INNO,K,96.05
NEW VOICES SCHOOL OF ACADEMIC CREATIVE,K,94.26
THE MATH SCIENCE EXPLORATORY SCHOOL,K,95.75
BROOKLYN COLLABORATIVE STUDIES,K,83.22
JOHN JAY SCHOOL FOR LAW,K,75.59
SECONDARY SCHOOL FOR JOURNALISM,K,72.87
PARK SLOPE COLLEGIATE,K,80.23
THE BOERUM HILL SCHOOL FOR INTERNATIONAL,K,87.89
SUNSET PARK AVENUES ELEMENTARY SCHOOL,K,96.13
COBBLE HILL SCHOOL OF AMERICAN STUDIES,K,44.88
WEST BROOKLYN COMMUNITY HIGH SCHOOL,K,63.29
KHALIL GIBRAN INTERNATIONAL ACADEMY,K,80.63
BROOKLYN HIGH SCHOOL OF THE ARTS,K,89.04
SUNSET PARK HIGH SCHOOL,K,71.30
RED HOOK NEIGHBORHOOD SCHOOL,K,82.78
MILLENNIUM BROOKLYN HS,K,95.40
SOUTH BROOKLYN COMMUNITY HIGH SCHOOL,K,29.67
THE LITTLE BROOKLYN PRE K CENTER,K,88.96
SUNSET PARK PREP,K,97.15
M.S. 839,K,92.35
PRE K CENTER AT BISHOP FORD SCHOOL SITE,K,90.13
THE SCHOOL OF CREATIVITY AND INNOVATION,K,87.23
P.S. 005 DR. RONALD MCNAIR,K,86.60
P.S. 021 CRISPUS ATTUCKS,K,88.42
P.S. 025 EUBIE BLAKE SCHOOL,K,89.47
P.S. 026 JESSE OWENS,K,91.35
P.S. 028 THE WARREN PREP ACADEMY,K,93.75
M.S. 035 STEPHEN DECATUR,K,92.30
P.S. 040 GEORGE W. CARVER,K,92.75
J.H.S. 057 WHITELAW REID,K,89.09
P.S. 081 THADDEUS STEVENS,K,86.33
P.S. 243K THE WEEKSVILLE SCHOOL,K,86.63
P.S. 262 EL HAJJ MALIK EL SHABAZZ ELEMEN,K,86.66
M.S. 267 MATH SCIENCE TECHNOLOGY,K,94.91
P.S. 308 CLARA CARDWELL,K,83.46
P.S. 309 THE GEORGE E. WIBECAN PREPARATO,K,90.90
P.S. 335 GRANVILLE T. WOODS,K,89.90
BOYS AND GIRLS HIGH SCHOOL,K,73.87
BROOKLYN HIGH SCHOOL FOR LAW AND TECHNOL,K,-1.00
BRIGHTER CHOICE COMMUNITY SCHOOL,K,89.57
BROOKLYN BROWNSTONE SCHOOL,K,91.78
RESEARCH AND SERVICE HIGH SCHOOL,K,-1.00
MADIBA PREP MIDDLE SCHOOL,K,95.40
THE BROOKLYN ACADEMY OF GLOBAL FINANCE,K,65.13
NELSON MANDELA HIGH SCHOOL,K,62.71
THE BROOKLYN GREEN SCHOOL,K,95.55
PARKSIDE PREPARATORY ACADEMY,K,89.01
NORMA ADAMS CLEMONS ACADEMY,K,-1.00
DR. JACQUELINE PEEK DAVIS SCHOOL,K,87.63
M.S. 061 DR. GLADSTONE H. ATWELL,K,88.51
P.S. 091 THE ALBANY AVENUE SCHOOL,K,90.94
P.S. 092 ADRIAN HEGEMAN,K,90.23
PATHWAYS IN TECHNOLOGY EARLY COLLEGE HIG,K,86.94
P.S. 138 BROOKLYN,K,90.40
P.S. 161 THE CROWN,K,89.97
P.S. 181 BROOKLYN,K,92.70
P.S. 189 THE BILINGUAL CENTER,K,93.08
P.S. 191 PAUL ROBESON,K,89.94
P.S. 221 TOUSSAINT L OUVERTURE,K,92.22
P.S. 241 EMMA L. JOHNSTON,K,91.91
M.S. 246 WALT WHITMAN,K,92.55
P.S. 249 THE CATON,K,96.75
P.S. 289 GEORGE V. BROWER,K,89.22
P.S. 316 ELIJAH STROUD,K,94.74
I.S. 340,K,96.98
EBBETS FIELD MIDDLE SCHOOL,K,98.62
ELIJAH STROUD MIDDLE SCHOOL,K,91.57
THE SCHOOL OF INTEGRATED LEARNING,K,95.73
P.S. 375 JACKIE ROBINSON SCHOOL,K,91.11
ACADEMY FOR COLLEGE PREPARATION AND CARE,K,79.47
M.S. K394,K,91.41
P.S. 397 FOSTER LAURIE,K,92.14
P.S. 398 WALTER WEAVER,K,88.25
P.S. 399 STANLEY EUGENE CLARK,K,90.06
ACADEMY OF HOSPITALITY AND TOURISM,K,74.14
RONALD EDMONDS LEARNING CENTER II,K,90.58
INTERNATIONAL HIGH SCHOOL AT PROSPECT HE,K,77.98
THE HIGH SCHOOL FOR GLOBAL CITIZENSHIP,K,78.30
SCHOOL FOR HUMAN RIGHTS THE,K,87.21
NEW BRIDGES ELEMENTARY,K,93.89
HIGH SCHOOL FOR YOUTH AND COMMUNITY DEVE,K,68.66
HIGH SCHOOL FOR SERVICE LEARNING AT ER,K,66.12
SCIENCE TECHNOLOGY AND RESEARCH EARLY C,K,91.87
HIGH SCHOOL FOR PUBLIC SERVICE: HEROES O,K,93.23
BROOKLYN ACADEMY OF SCIENCE AND THE ENVI,K,82.92
BROOKLYN SCHOOL FOR MUSIC THEATRE,K,81.75
BROWNSVILLE ACADEMY HIGH SCHOOL,K,54.47
MEDGAR EVERS COLLEGE PREPARATORY SCHOOL,K,87.96
CLARA BARTON HIGH SCHOOL,K,71.78
ASPIRATIONS DIPLOMA PLUS HIGH SCHOOL,K,42.85
BROOKLYN ARTS AND SCIENCE ELEMENTARY SCH,K,92.54
NEW HEIGHTS MIDDLE SCHOOL,K,97.01
BROOKLYN INSTITUTE FOR LIBERAL ARTS,K,92.08
ACADEMY FOR HEALTH CAREERS,K,84.84
P.S. 770 NEW AMERICAN ACADEMY,K,90.06
P.S. 66,K,94.47
I.S. 068 ISAAC BILDERSEE,K,93.42
P.S. 114 RYDER ELEMENTARY,K,96.00
P.S. 115 DANIEL MUCATEL SCHOOL,K,94.70
P.S. 135 SHELDON A. BROOKNER,K,96.76
P.S. 208 ELSA EBELING,K,93.33
I.S. 211 JOHN WILSON,K,90.16
P.S. 219 KENNEDY KING,K,91.80
P.S. 233 LANGSTON HUGHES,K,96.11
P.S. 235 JANICE MARIE KNIGHT SCHOOL,K,95.43
P.S. 244 RICHARD R. GREEN,K,91.98
P.S. 268 EMMA LAZARUS,K,89.42
P.S. 272 CURTIS ESTABROOK,K,88.95
P.S. 276 LOUIS MARSHALL,K,91.98
P.S. 279 HERMAN SCHREIBER,K,94.47
I.S. 285 MEYER LEVIN,K,83.91
THE SCIENCE AND MEDICINE MIDDLE SCHOOL,K,92.53
IT TAKES A VILLAGE ACADEMY,K,82.98
BROOKLYN GENERATION SCHOOL,K,68.88
BROOKLYN THEATRE ARTS HIGH SCHOOL,K,75.81
KURT HAHN EXPEDITIONARY LEARNING SCHOOL,K,86.00
VICTORY COLLEGIATE HIGH SCHOOL,K,70.21
BROOKLYN BRIDGE ACADEMY,K,47.02
EAST FLATBUSH COMMUNITY RESEARCH SCHOOL,K,92.70
MIDDLE SCHOOL FOR ART AND PHILOSOPHY,K,92.04
HIGH SCHOOL FOR INNOVATION IN ADVERTISIN,K,74.88
CULTURAL ACADEMY FOR THE ARTS AND SCIENC,K,77.31
HIGH SCHOOL FOR MEDICAL PROFESSIONS,K,85.74
OLYMPUS ACADEMY,K,56.41
ACADEMY FOR CONSERVATION AND THE ENVIRON,K,70.33
URBAN ACTION ACADEMY,K,69.49
EAST BROOKLYN COMMUNITY HIGH SCHOOL,K,66.32
BROOKLYN SCIENCE AND ENGINEERING ACADEMY,K,96.23
P.S. 007 ABRAHAM LINCOLN,K,92.16
P.S. 013 ROBERTO CLEMENTE,K,91.16
P.S. 065,K,93.03
P.S. 089 CYPRESS HILLS,K,95.94
P.S. 108 SAL ABBRACCIAMENTO,K,93.75
P.S. 149 DANNY KAYE,K,91.24
P.S. 158 WARWICK,K,89.18
P.S. 159 ISAAC PITKIN,K,93.28
I.S. 171 ABRAHAM LINCOLN,K,95.15
P.S. 190 SHEFFIELD,K,86.59
P.S. 202 ERNEST S. JENKYNS,K,86.06
P.S. 213 NEW LOTS,K,89.20
P.S. 214 MICHAEL FRIEDSAM,K,90.70
J.H.S. 218 JAMES P. SINNOTT,K,85.77
P.S. 224 HALE A. WOODRUFF,K,86.28
P.S. 273 WORTMAN,K,88.53
P.S. 290 JUAN MOREL CAMPOS,K,92.17
J.H.S. 292 MARGARET S. DOUGLAS,K,87.97
P.S. 306 ETHAN ALLEN,K,87.58
THE FRESH CREEK SCHOOL,K,85.48
P.S. 328 PHYLLIS WHEATLEY,K,89.93
P.S. 345 PATROLMAN ROBERT BOLDEN,K,90.75
P.S. 346 ABE STARK,K,91.93
I.S. 364 GATEWAY,K,91.43
ACADEMY FOR YOUNG WRITERS,K,91.76
EAST NEW YORK FAMILY ACADEMY,K,88.39
SPRING CREEK COMMUNITY SCHOOL,K,86.53
FREDERICK DOUGLASS ACADEMY VIII MIDDLE S,K,95.20
FDNY CAPTAIN VERNON A. RICHARD HIGH SC,K,75.19
HIGH SCHOOL FOR CIVIL RIGHTS,K,59.47
PERFORMING ARTS AND TECHNOLOGY HIGH SCHO,K,65.97
WORLD ACADEMY FOR TOTAL COMMUNITY HEALTH,K,76.42
BROOKLYN GARDENS ELEMENTARY SCHOOL,K,88.70
MULTICULTURAL HIGH SCHOOL,K,86.87
TRANSIT TECH CAREER AND TECHNICAL EDUCAT,K,64.35
ACADEMY OF INNOVATIVE TECHNOLOGY,K,83.53
BROOKLYN LAB SCHOOL,K,74.30
VAN SICLEN COMMUNITY MIDDLE SCHOOL,K,90.06
CYPRESS HILLS COLLEGIATE PREPARATORY SCH,K,73.48
W. H. MAXWELL CAREER AND TECHNICAL EDUCA,K,64.08
VISTA ACADEMY,K,95.53
LIBERTY AVENUE MIDDLE SCHOOL,K,85.05
SCHOOL OF THE FUTURE BROOKLYN,K,88.02
EAST NEW YORK ELEMENTARY SCHOOL OF EXCEL,K,90.89
EAST NEW YORK MIDDLE SCHOOL OF EXCELLENC,K,92.06
SCHOOL FOR CLASSICS HIGH SCHOOL,K,77.94
HIGHLAND PARK COMMUNITY SCHOOL,K,87.90
THE URBAN ASSEMBLY SCHOOL FOR COLLABORAT,K,82.58
M.S. 907,K,90.90
P.S. I.S. 30 MARY WHITE OVINGTON,K,96.16
P.S. 048 MAPLETON,K,94.50
J.H.S. 062 DITMAS,K,95.23
P.S. 69 VINCENT D. GRIPPO SCHOOL,K,98.59
P.S. 102 THE BAYVIEW,K,94.73
P.S. I.S. 104 THE FORT HAMILTON SCHOOL,K,95.48
P.S. 105 THE BLYTHEBOURNE,K,98.38
P.S. 112 LEFFERTS PARK,K,94.62
P.S. 127 MCKINLEY PARK,K,96.05
P.S. 160 WILLIAM T. SAMPSON,K,98.19
P.S. 163 BATH BEACH,K,93.75
P.S. 164 CAESAR RODNEY,K,96.17
RALPH A. FABRIZIO SCHOOL,K,97.23
P.S. 176 OVINGTON,K,96.63
P.S. 179 KENSINGTON,K,94.67
THE SEEALL ACADEMY,K,97.18
P.S. 185 WALTER KASSENBROCK,K,93.63
P.S. 186 DR. IRVING A GLADSTONE,K,95.50
THE CHRISTA MCAULIFFE SCHOOL I.S. 187,K,98.20
P.S. 192 THE MAGNET SCHOOL FOR MATH AN,K,91.92
P.S. 200 BENSON SCHOOL,K,95.07
J.H.S. 201 THE DYKER HEIGHTS,K,97.65
P.S. 204 VINCE LOMBARDI,K,97.42
P.S. 205 CLARION,K,95.76
J.H.S. 220 JOHN J. PERSHING,K,96.71
J.H.S. 223 THE MONTAUK,K,97.15
J.H.S. 227 EDWARD B. SHALLOW,K,96.67
P.S. 229 DYKER,K,95.09
P.S. 247 BROOKLYN,K,95.48
J.H.S. 259 WILLIAM MCKINLEY,K,96.99
P.S. 264 BAY RIDGE ELEMENTARY SCHOOL FOR,K,94.56
THE SCHOOL FOR FUTURE LEADERS,K,98.30
NEW UTRECHT HIGH SCHOOL,K,80.46
HIGH SCHOOL OF TELECOMMUNICATION ARTS AN,K,91.94
FORT HAMILTON HIGH SCHOOL,K,82.86
P.S. 503: THE SCHOOL OF DISCOVERY,K,93.69
FRANKLIN DELANO ROOSEVELT HIGH SCHOOL,K,64.42
P.S. 506: THE SCHOOL OF JOURNALISM TEC,K,95.14
URBAN ASSEMBLY SCHOOL FOR CRIMINAL JUSTI,K,93.39
THE ACADEMY OF TALENTED SCHOLARS,K,97.45
BROOKLYN SCHOOL OF INQUIRY,K,95.29
P.S. 748 BROOKLYN SCHOOL FOR GLOBAL SCHO,K,96.59
DISTRICT 20 PRE K CENTER,K,88.90
SCHOOL OF MATH SCIENCE AND HEALTHY LIV,K,95.85
P.S. 90 EDNA COHEN SCHOOL,K,91.84
P.S. 095 THE GRAVESEND,K,93.76
I.S. 096 SETH LOW,K,95.75
P.S. 97 THE HIGHLAWN,K,97.28
I.S. 98 BAY ACADEMY,K,96.84
P.S. 099 ISAAC ASIMOV,K,91.02
P.S. 100 THE CONEY ISLAND SCHOOL,K,95.47
P.S. 101 THE VERRAZANO,K,94.85
P.S. 121 NELSON A. ROCKEFELLER,K,95.61
P.S. 128 BENSONHURST,K,96.18
P.S. 153 HOMECREST,K,93.72
P.S. 177 THE MARLBORO,K,95.67
P.S. 188 MICHAEL E. BERDY,K,90.07
P.S. 199 FREDERICK WACHTEL,K,90.89
P.S. 209 MARGARET MEAD,K,95.68
P.S. 212 LADY DEBORAH MOODY,K,92.78
P.S. 215 MORRIS H. WEISS,K,95.00
P.S. 216 ARTURO TOSCANINI,K,92.60
P.S. K225 THE EILEEN E. ZAGLIN,K,91.92
P.S. 226 ALFRED DE B. MASON,K,95.13
I.S. 228 DAVID A. BOODY,K,96.12
P.S. 238 ANNE SULLIVAN,K,93.32
MARK TWAIN I.S. 239 FOR THE GIFTED TAL,K,96.08
P.S. 253,K,95.39
I.S. 281 JOSEPH B CAVALLARO,K,95.35
P.S. 288 THE SHIRLEY TANYHILL,K,89.32
I.S. 303 HERBERT S. EISENBERG,K,94.24
P.S. 329 SURFSIDE,K,89.87
INTERNATIONAL HIGH SCHOOL AT LAFAYETTE,K,81.32
RACHEL CARSON HIGH SCHOOL FOR COASTAL ST,K,85.42
HIGH SCHOOL OF SPORTS MANAGEMENT,K,-1.00
ABRAHAM LINCOLN HIGH SCHOOL,K,80.31
KINGSBOROUGH EARLY COLLEGE SCHOOL,K,91.51
EDWARD R. MURROW HIGH SCHOOL,K,79.90
JOHN DEWEY HIGH SCHOOL,K,81.07
LIFE ACADEMY HIGH SCHOOL FOR FILM AND MU,K,75.08
EXPEDITIONARY LEARNING SCHOOL FOR COMMUN,K,78.55
WILLIAM E. GRADY CAREER AND TECHNICAL ED,K,74.50
BROOKLYN STUDIO SECONDARY SCHOOL,K,92.54
LIBERATION DIPLOMA PLUS,K,-1.00
BROOKLYN S DAILY DISCOVERY PRE K CENTER,K,88.76
J.H.S. 014 SHELL BANK,K,95.33
P.S. 052 SHEEPSHEAD BAY,K,93.64
J.H.S. 078 ROY H. MANN,K,95.62
P.S. 109,K,94.19
P.S. 119 AMERSFORT,K,96.10
P.S. K134,K,96.53
P.S. 139 ALEXINE A. FENTY,K,92.86
SCHOOL OF SCIENCE TECHNOLOGY,K,93.84
P.S. 193 GIL HODGES,K,95.48
P.S. 194 RAOUL WALLENBERG,K,92.74
P.S. 195 MANHATTAN BEACH,K,95.07
P.S. 197 THE KINGS HIGHWAY ACADEMY,K,95.12
P.S. 198 BROOKLYN,K,94.00
P.S. 203 FLOYD BENNETT SCHOOL,K,93.01
P.S. 206 JOSEPH F LAMB,K,96.75
P.S. 207 ELIZABETH G. LEARY,K,95.11
P.S. 217 COLONEL DAVID MARCUS SCHOOL,K,95.02
P.S. 222 KATHERINE R. SNYDER,K,95.70
J.H.S. 234 ARTHUR W. CUNNINGHAM,K,94.93
P.S. 236 MILL BASIN,K,95.46
ANDRIES HUDDE,K,94.86
P.S. 245,K,93.50
P.S. 251 PAERDEGAT,K,92.70
P.S. 254 DAG HAMMARSKJOLD,K,94.25
P.S. 255 BARBARA REING SCHOOL,K,92.67
P.S. 277 GERRITSEN BEACH,K,96.03
J.H.S. 278 MARINE PARK,K,94.96
P.S. 312 BERGEN BEACH,K,94.25
P.S. K315,K,93.48
P.S. 326,K,96.98
P.S. 361 EAST FLATBUSH EARLY CHILDHOOD S,K,92.23
I. S. 381,K,96.29
MIDWOOD HIGH SCHOOL,K,89.90
JAMES MADISON HIGH SCHOOL,K,86.13
LEON M. GOLDSTEIN HIGH SCHOOL FOR THE SC,K,94.70
BROOKLYN COLLEGE ACADEMY,K,66.61
ORIGINS HIGH SCHOOL,K,79.61
PROFESSIONAL PATHWAYS HIGH SCHOOL,K,46.42
THE JOAN SNOW PRE K CENTER,K,84.15
P.S. 889,K,94.77
M.S. 890,K,95.21
P.S. 041 FRANCIS WHITE,K,89.19
P.S. I.S. 137 RACHEL JEAN MITCHELL,K,87.28
P.S. 150 CHRISTOPHER,K,88.66
P.S. I.S. 155 NICHOLAS HERKIMER,K,87.64
P.S. 156 WAVERLY,K,90.37
P.S. 165 IDA POSNER,K,84.77
P.S. 178 SAINT CLAIR MCKELWAY,K,81.21
P.S. 184 NEWPORT,K,88.30
THE GREGORY JOCKO JACKSON SCHOOL OF SPOR,K,88.81
P.S. 298 DR. BETTY SHABAZZ,K,91.57
P.S. I.S. 323,K,87.86
P.S. 327 DR. ROSE B. ENGLISH,K,92.17
BROWNSVILLE COLLABORATIVE MIDDLE SCHOOL,K,82.92
I.S. 392,K,95.42
CHRISTOPHER AVENUE COMMUNITY SCHOOL,K,86.58
RIVERDALE AVENUE COMMUNITY SCHOOL,K,89.14
BROOKLYN COLLEGIATE: A COLLEGE BOARD SCH,K,80.45
FREDERICK DOUGLASS ACADEMY VII HIGH SCHO,K,83.33
KAPPA V KNOWLEDGE AND POWER PREPARATORY,K,95.31
MOTT HALL IV,K,87.64
BROOKLYN LANDMARK ELEMENTARY SCHOOL,K,93.24
BROOKLYN DEMOCRACY ACADEMY,K,43.49
EAGLE ACADEMY FOR YOUNG MEN II,K,97.47
METROPOLITAN DIPLOMA PLUS HIGH SCHOOL,K,46.07
BROOKLYN ENVIRONMENTAL EXPLORATION SCHOO,K,-1.00
RIVERDALE AVENUE MIDDLE SCHOOL,K,89.05
MOTT HALL BRIDGES ACADEMY,K,93.36
TEACHERS PREPARATORY HIGH SCHOOL,K,80.56
I.S. 5 THE WALTER CROWLEY INTERMEDIATE,Q,96.59
P.S. 007 LOUIS F. SIMEONE,Q,96.50
P.S. 012 JAMES B. COLGATE,Q,95.37
P.S. 013 CLEMENT C. MOORE,Q,95.28
P.S. 014 FAIRVIEW,Q,95.34
P.S. Q016 THE NANCY DEBENEDITTIS SCHOOL,Q,95.95
P.S. 019 MARINO JEANTET,Q,97.08
P.S. 28 THE THOMAS EMANUEL EARLY CHILD,Q,93.93
P.S. 049 DOROTHY BONAWIT KOLE,Q,94.77
P.S. 58 THE SCHOOL OF HEROES,Q,96.58
I.S. 061 LEONARDO DA VINCI,Q,89.85
P.S. 068 CAMBRIDGE,Q,93.40
P.S. 071 FOREST,Q,92.87
I.S. 73 THE FRANK SANSIVIERI INTERMEDI,Q,95.88
I.S. 077,Q,92.84
P.S. 81Q JEAN PAUL RICHTER,Q,96.30
P.S. I.S. 087 MIDDLE VILLAGE,Q,94.64
P.S. 088 SENECA,Q,92.75
P.S. 089 ELMHURST,Q,95.84
P.S. 091 RICHARD ARKWRIGHT,Q,92.29
I.S. 093 RIDGEWOOD,Q,94.23
P.S. 102 BAYVIEW,Q,96.00
P.S. 110,Q,96.86
P.S. I.S. 113 ANTHONY J. PRANZO,Q,95.21
I.S. 119 THE GLENDALE,Q,96.09
I.S. 125 THOM J. MCCANN WOODSIDE,Q,96.08
P.S. 128 THE LORRAINE TUZZO JUNIPER VAL,Q,95.36
P.S. 143 LOUIS ARMSTRONG,Q,93.71
P.S. 153 MASPETH ELEM,Q,93.38
P.S. 199 MAURICE A. FITZGERALD,Q,93.73
ELM TREE ELEMENTARY SCHOOL,Q,95.20
P.S. 229 EMANUEL KAPLAN,Q,95.44
INTERNATIONAL HIGH SCHOOL FOR HEALTH SCI,Q,88.88
P.S. 239,Q,92.23
ACADEMY OF FINANCE AND ENTERPRISE,Q,93.61
HIGH SCHOOL OF APPLIED COMMUNICATION,Q,90.22
A.C.E. ACADEMY FOR SCHOLARS AT THE GERAL,Q,96.36
CIVIC LEADERSHIP ACADEMY,Q,90.68
PAN AMERICAN INTERNATIONAL HIGH SCHOOL,Q,86.04
BARD HIGH SCHOOL EARLY COLLEGE QUEENS,Q,96.56
LEARNERS AND LEADERS,Q,95.19
PIONEER ACADEMY,Q,95.36
CORONA ARTS SCIENCES ACADEMY,Q,95.03
HELEN M. MARSHALL SCHOOL,Q,95.22
MOSAIC PRE K CENTER,Q,88.45
THE CHILDREN S LAB SCHOOL,Q,92.92
NEWTOWN HIGH SCHOOL,Q,72.56
GROVER CLEVELAND HIGH SCHOOL,Q,72.71
MIDDLE COLLEGE HIGH SCHOOL AT LAGUARDIA,Q,-1.00
INTERNATIONAL HIGH SCHOOL AT LAGUARDIA C,Q,91.26
HIGH SCHOOL FOR ARTS AND BUSINESS,Q,81.08
ROBERT F. WAGNER JR. SECONDARY SCHOOL F,Q,90.67
MASPETH HIGH SCHOOL,Q,93.24
QUEENS TECHNICAL HIGH SCHOOL,Q,87.10
AVIATION CAREER TECHNICAL EDUCATION HI,Q,95.75
VOYAGES PREPARATORY,Q,43.93
P.S. 020 JOHN BOWNE,Q,94.02
P.S. 021 EDWARD HART,Q,94.71
P.S. 022 THOMAS JEFFERSON,Q,95.31
P.S. 024 ANDREW JACKSON,Q,96.82
I.S. 025 ADRIEN BLOCK,Q,96.50
P.S. 029 QUEENS,Q,94.55
P.S. 032 STATE STREET,Q,95.85
P.S. 079 FRANCIS LEWIS,Q,95.78
P.S. 107 THOMAS A DOOLEY,Q,95.62
P.S. 120 QUEENS,Q,95.89
P.S. 129 PATRICIA LARKIN,Q,95.19
P.S. 130,Q,95.51
P.S. 154 QUEENS,Q,92.12
P.S. 163 FLUSHING HEIGHTS,Q,97.26
P.S. 164 QUEENS VALLEY,Q,93.89
P.S. 165 EDITH K. BERGTRAUM,Q,92.64
P.S. 169 BAY TERRACE,Q,95.39
P.S. 184 FLUSHING MANOR,Q,96.38
J.H.S. 185 EDWARD BLEEKER,Q,96.96
J.H.S. 189 DANIEL CARTER BEARD,Q,91.82
P.S. 193 ALFRED J. KENNEDY,Q,94.15
J.H.S. 194 WILLIAM CARR,Q,94.94
P.S. M.S. 200 THE MAGNET SCHOOL OF GLO,Q,93.23
P.S. 201 THE DISCOVERY SCHOOL FOR INQUIR,Q,93.27
P.S. 209 CLEARVIEW GARDENS,Q,96.01
P.S. 214 CADWALLADER COLDEN,Q,95.61
P.S. 219 PAUL KLAPPER,Q,94.14
I.S. 237,Q,96.55
VERITAS ACADEMY,Q,86.72
QUEENS HIGH SCHOOL FOR LANGUAGE STUDIES,Q,86.35
P.S. 242 LEONARD P. STAVISKY EARLY CHILD,Q,95.12
THE ACTIVE LEARNING ELEMENTARY SCHOOL,Q,94.43
I.S. 250 THE ROBERT F. KENNEDY COMMUNITY,Q,93.60
QUEENS SCHOOL OF INQUIRY THE,Q,92.91
FLUSHING INTERNATIONAL HIGH SCHOOL,Q,85.85
EAST WEST SCHOOL OF INTERNATIONAL STUDIE,Q,94.72
WORLD JOURNALISM PREPARATORY: A COLLEGE,Q,93.19
BELL ACADEMY,Q,96.08
COLLEGE POINT COLLABORATIVE,Q,96.17
DISTRICT 25 PRE K CENTER,Q,86.60
JOHN BOWNE HIGH SCHOOL,Q,74.26
FLUSHING HIGH SCHOOL,Q,74.30
THE QUEENS COLLEGE SCHOOL FOR MATH SCIE,Q,97.54
TOWNSEND HARRIS HIGH SCHOOL,Q,97.03
QUEENS ACADEMY HIGH SCHOOL,Q,30.89
ROBERT F. KENNEDY COMMUNITY HIGH SCHOOL,Q,86.00
NORTH QUEENS COMMUNITY HIGH SCHOOL,Q,38.09
P.S. 018 WINCHESTER,Q,96.14
P.S. 026 RUFUS KING,Q,95.21
P.S. 031 BAYSIDE,Q,95.99
P.S. 041 CROCHERON,Q,98.08
P.S. 046 ALLEY POND,Q,96.09
J.H.S. 067 LOUIS PASTEUR,Q,98.21
J.H.S. 074 NATHANIEL HAWTHORNE,Q,97.33
P.S. 094 DAVID D. PORTER,Q,94.98
P.S. 098 THE DOUGLASTON SCHOOL,Q,95.39
THE JAMES J. AMBROSE SCHOOL,Q,96.41
P.S. 133 QUEENS,Q,94.70
M.S. 158 MARIE CURIE,Q,96.18
P.S. 159,Q,96.38
P.S. 162 JOHN GOLDEN,Q,95.53
IRWIN ALTMAN MIDDLE SCHOOL 172,Q,97.26
P.S. 173 FRESH MEADOWS,Q,96.81
P.S. IS 178 HOLLISWOOD,Q,96.81
P.S. 186 CASTLEWOOD,Q,96.51
P.S. 188 KINGSBURY,Q,97.06
P.S. 191 MAYFLOWER,Q,95.64
P.S. 203 OAKLAND GARDENS,Q,95.58
P.S. 205 ALEXANDER GRAHAM BELL,Q,95.87
P.S. 213 THE CARL ULLMAN SCHOOL,Q,92.66
J.H.S. 216 GEORGE J. RYAN,Q,95.75
P.S. 221 THE NORTH HILLS SCHOOL,Q,97.02
P.S. I.S. 266,Q,96.28
BUSINESS TECHNOLOGY EARLY COLLEGE HIGH S,Q,82.18
P.S. 376,Q,95.29
BENJAMIN N. CARDOZO HIGH SCHOOL,Q,85.62
FRANCIS LEWIS HIGH SCHOOL,Q,80.56
MARTIN VAN BUREN HIGH SCHOOL,Q,81.12
BAYSIDE HIGH SCHOOL,Q,85.17
QUEENS HIGH SCHOOL OF TEACHING LIBERAL,Q,90.61
P.S. M.S 042 R. VERNAM,Q,85.93
P.S. 043,Q,89.46
P.S. 045 CLARENCE WITHERSPOON,Q,92.97
P.S. 047 CHRIS GALAS,Q,90.54
P.S. 051,Q,91.93
M.S. 053 BRIAN PICCOLO,Q,90.67
P.S. 056 HARRY EICHLER,Q,95.55
P.S. 060 WOODHAVEN,Q,91.63
P. S. 62 CHESTER PARK SCHOOL,Q,93.88
P.S. 063 OLD SOUTH,Q,90.09
P.S. 064 JOSEPH P. ADDABBO,Q,92.53
P.S. 65 THE RAYMOND YORK ELEMENTARY SC,Q,90.34
P.S. 066 JACQUELINE KENNEDY ONASSIS,Q,94.38
P.S. 090 HORACE MANN,Q,94.41
P.S. 096,Q,95.12
P.S. 097 FOREST PARK,Q,93.56
P.S. 100 GLEN MORRIS,Q,92.26
P.S. 104 THE BAYS WATER,Q,90.21
P.S. 105 THE BAY SCHOOL,Q,88.96
LIGHTHOUSE ELEMENTARY SCHOOL,Q,90.90
P.S. 108 CAPTAIN VINCENT G. FOWLER,Q,95.76
P.S. M.S. 114 BELLE HARBOR,Q,96.19
P.S. 123,Q,93.17
P.S. 124 OSMOND A CHURCH,Q,94.15
M.S. 137 AMERICA S SCHOOL OF HEROES,Q,95.31
P.S. 146 HOWARD BEACH,Q,93.09
P.S. 155,Q,94.06
P.S. 183 DR. RICHARD R. GREEN,Q,87.57
P.S. 197 THE OCEAN SCHOOL,Q,92.75
J.H.S. 202 ROBERT H. GODDARD,Q,92.43
P.S. 207 ROCKWOOD PARK,Q,94.25
J.H.S. 210 ELIZABETH BLACKWELL,Q,94.74
P.S. 223 LYNDON B. JOHNSON,Q,90.62
J.H.S. 226 VIRGIL I. GRISSOM,Q,92.54
P.S. 232 LINDENWOOD,Q,93.86
P.S. 253,Q,91.82
P.S. 254 THE ROSA PARKS SCHOOL,Q,95.40
FREDERICK DOUGLASS ACADEMY VI HIGH SCHOO,Q,52.94
VOYAGES PREP SOUTH QUEENS,Q,-1.00
CHANNEL VIEW SCHOOL FOR RESEARCH,Q,92.50
P.S. 273,Q,90.56
KNOWLEDGE AND POWER PREPARATORY ACADEMY,Q,96.89
HAWTREE CREEK MIDDLE SCHOOL,Q,92.53
QUEENS HIGH SCHOOL FOR INFORMATION RESE,Q,76.57
NEW YORK CITY ACADEMY FOR DISCOVERY,Q,91.77
ROBERT H. GODDARD HIGH SCHOOL OF COMMUNI,Q,89.90
ACADEMY OF MEDICAL TECHNOLOGY: A COLLEGE,Q,81.13
EPIC HIGH SCHOOL SOUTH,Q,55.11
QUEENS EXPLORERS ELEMENTARY SCHOOL,Q,94.14
WATERSIDE CHILDREN S STUDIO SCHOOL,Q,91.76
WATERSIDE SCHOOL FOR LEADERSHIP,Q,89.69
VILLAGE ACADEMY,Q,83.50
SCHOLARS ACADEMY,Q,96.65
ROCKAWAY PARK HIGH SCHOOL FOR ENVIRONMEN,Q,71.33
GOLDIE MAPLE ACADEMY,Q,95.25
EPIC HIGH SCHOOL NORTH,Q,80.34
CURIOUS YOUNG LEARNERS PRE K CENTER,Q,75.34
ROCKAWAY COLLEGIATE HIGH SCHOOL,Q,64.16
WAVE PREPARATORY ELEMENTARY SCHOOL,Q,94.25
P.S. 377,Q,88.92
AUGUST MARTIN HIGH SCHOOL,Q,89.00
RICHMOND HILL HIGH SCHOOL,Q,78.33
JOHN ADAMS HIGH SCHOOL,Q,83.64
HIGH SCHOOL FOR CONSTRUCTION TRADES ENG,Q,93.66
J.H.S. 008 RICHARD S. GROSSLEY,Q,92.87
P.S. 040 SAMUEL HUNTINGTON,Q,91.60
P.S. 048 WILLIAM WORDSWORTH,Q,92.23
P.S. 050 TALFOURD LAWN ELEMENTARY SCHOOL,Q,93.30
P.S. 054 HILLSIDE,Q,95.39
P.S. 055 MAURE,Q,91.45
CATHERINE COUNT BASIE MIDDLE SCHOOL 72,Q,83.23
PS 80 THE THURGOOD MARSHALL MAGNET SCHO,Q,93.38
P.S. 082 HAMMOND,Q,93.83
P.S. Q086,Q,94.19
P.S. 099 KEW GARDENS,Q,95.24
P.S. 101 SCHOOL IN THE GARDENS,Q,96.32
P.S. 117 J. KELD BRIARWOOD SCHOOL,Q,93.26
P.S. 121 QUEENS,Q,94.01
P.S. 139 REGO PARK,Q,95.96
P.S. 140 EDWARD K ELLINGTON,Q,87.77
P.S. 144 COL JEROMUS REMSEN,Q,95.30
J.H.S. 157 STEPHEN A. HALSEY,Q,95.15
P.S. 160 WALTER FRANCIS BISHOP,Q,92.38
P.S. 161 ARTHUR ASHE SCHOOL,Q,93.30
METROPOLITAN EXPEDITIONARY LEARNING SCHO,Q,95.01
P.S. 174 WILLIAM SIDNEY MOUNT,Q,94.96
P.S. 175 THE LYNN GROSS DISCOVERY SCHOOL,Q,95.45
P.S. 182 SAMANTHA SMITH,Q,94.14
J.H.S. 190 RUSSELL SAGE,Q,93.31
P.S. 196 GRAND CENTRAL PARKWAY,Q,97.25
P.S. 206 THE HORACE HARDING SCHOOL,Q,96.36
J.H.S. 217 ROBERT A. VAN WYCK,Q,90.05
P.S. 220 EDWARD MANDEL,Q,95.15
YORK EARLY COLLEGE ACADEMY,Q,94.30
THE EMERSON SCHOOL,Q,90.08
THE ACADEMY FOR EXCELLENCE THROUGH THE A,Q,97.58
QUEENS COLLEGIATE: A COLLEGE BOARD SCHOO,Q,77.76
JAMAICA CHILDREN S SCHOOL,Q,91.83
HILLSIDE ARTS LETTERS ACADEMY,Q,82.60
HIGH SCHOOL FOR COMMUNITY LEADERSHIP,Q,78.37
REDWOOD MIDDLE SCHOOL,Q,87.10
THE EZRA JACK KEATS PRE K CENTER,Q,86.20
QUEENS SATELLITE HIGH SCHOOL FOR OPPORTU,Q,49.45
THE QUEENS SCHOOL FOR LEADERSHIP AND EXC,Q,94.53
JAMAICA GATEWAY TO THE SCIENCES,Q,88.02
THE JERMAINE L. GREEN STEM INSTITUTE OF,Q,-1.00
M.S. 358,Q,95.84
FOREST HILLS HIGH SCHOOL,Q,78.83
HILLCREST HIGH SCHOOL,Q,77.75
THOMAS A. EDISON CAREER AND TECHNICAL ED,Q,91.35
QUEENS GATEWAY TO HEALTH SCIENCES SECOND,Q,96.73
QUEENS METROPOLITAN HIGH SCHOOL,Q,92.63
QUEENS HIGH SCHOOL FOR THE SCIENCES AT Y,Q,94.30
HIGH SCHOOL FOR LAW ENFORCEMENT AND PUBL,Q,78.00
YOUNG WOMEN S LEADERSHIP SCHOOL QUEENS,Q,94.24
P.S. 015 JACKIE ROBINSON,Q,94.11
P.S. 033 EDWARD M. FUNK,Q,95.12
P.S. 034 JOHN HARVARD,Q,95.81
P.S. 035 NATHANIEL WOODHULL,Q,95.00
P.S. 036 SAINT ALBANS SCHOOL,Q,93.12
CYNTHIA JENKINS SCHOOL,Q,89.06
P.S. 038 ROSEDALE,Q,95.10
P.S. 052 QUEENS,Q,88.86
I.S. 059 SPRINGFIELD GARDENS,Q,91.59
P.S. 095 EASTWOOD,Q,92.19
JEAN NUZZI INTERMEDIATE SCHOOL,Q,95.25
P.S. I.S. 116 WILLIAM C. HUGHLEY,Q,94.50
P.S. 118 LORRAINE HANSBERRY,Q,91.34
P.S. 131 ABIGAIL ADAMS,Q,95.50
P.S. 132 RALPH BUNCHE,Q,92.79
P.S. 134 HOLLIS,Q,92.08
THE BELLAIRE SCHOOL,Q,93.63
P.S. 136 ROY WILKINS,Q,92.33
P.S. M.S. 138 SUNRISE,Q,92.74
P.S. M.S. 147 RONALD MCNAIR,Q,91.85
P.S. 156 LAURELTON,Q,83.98
P.S. 176 CAMBRIA HEIGHTS,Q,96.00
P.S. 181 BROOKFIELD,Q,93.96
I.S. 192 THE LINDEN,Q,96.78
P.S. 195 WILLIAM HABERLE,Q,92.17
P.S. I.S. 208,Q,95.11
I.S. 238 SUSAN B. ANTHONY ACADEMY,Q,93.64
INSTITUTE FOR HEALTH PROFESSIONS AT CAMB,Q,87.17
QUEENS PREPARATORY ACADEMY,Q,61.02
P.S. 251 QUEENS,Q,91.37
PATHWAYS COLLEGE PREPARATORY SCHOOL: A C,Q,83.07
EXCELSIOR PREPARATORY HIGH SCHOOL,Q,73.57
P.S. I.S. 268,Q,94.48
THE GORDON PARKS SCHOOL,Q,95.87
GEORGE WASHINGTON CARVER HIGH SCHOOL FOR,Q,66.20
PREPARATORY ACADEMY FOR WRITERS: A COLLE,Q,80.16
QUEENS UNITED MIDDLE SCHOOL,Q,88.82
P.S. I.S. 295,Q,95.47
BENJAMIN FRANKLIN HIGH SCHOOL FOR FINANC,Q,68.94
CAMBRIA HEIGHTS ACADEMY,Q,85.67
EAGLE ACADEMY FOR YOUNG MEN III,Q,83.16
COLLABORATIVE ARTS MIDDLE SCHOOL,Q,93.08
COMMUNITY VOICES MIDDLE SCHOOL,Q,89.44
P.S. 360,Q,92.75
DISTRICT 29 PRE K CENTER,Q,81.12
MATHEMATICS SCIENCE RESEARCH AND TECHNO,Q,71.32
HUMANITIES ARTS MAGNET HIGH SCHOOL,Q,81.63
P.S. 002 ALFRED ZIMBERG,Q,94.48
I.S. 010 HORACE GREELEY,Q,93.76
P.S. 011 KATHRYN PHELAN,Q,95.22
P.S. 017 HENRY DAVID THOREAU,Q,94.21
P.S. 069 JACKSON HEIGHTS,Q,97.33
P.S. 070,Q,94.91
P.S. 076 WILLIAM HALLET,Q,90.76
P.S. I.S. 78Q,Q,95.72
P.S. 084 STEINWAY,Q,95.30
P.S. 085 JUDGE CHARLES VALLONE,Q,95.62
P.S. 092 HARRY T. STEWART SR.,Q,95.61
P.S. 111 JACOB BLACKWELL,Q,92.56
P.S. 112 DUTCH KILLS,Q,90.06
P.S. 122 MAMIE FAY,Q,95.84
ALBERT SHANKER SCHOOL FOR VISUAL AND PER,Q,94.47
P.S. 127 AEROSPACE SCIENCE MAGNET SCHOOL,Q,94.49
I.S. 141 THE STEINWAY,Q,96.42
I.S. 145 JOSEPH PULITZER,Q,96.24
P.S. 148 QUEENS,Q,94.45
P.S. 149 CHRISTA MCAULIFFE,Q,95.91
P.S. 150 QUEENS,Q,96.49
P.S. 151 MARY D. CARTER,Q,92.95
P.S. 152 GWENDOLINE N. ALLEYNE SCHOOL,Q,97.02
P.S. 166 HENRY GRADSTEIN,Q,95.83
P.S. 171 PETER G. VAN ALST,Q,90.13
I.S. 204 OLIVER W. HOLMES,Q,90.13
P.S. 212,Q,95.41
P.S. Q222 FIRE FIGHTER CHRISTOPHER A.,Q,93.01
I.S. 227 LOUIS ARMSTRONG,Q,96.88
THE IVAN LAFAYETTE EARLY CHILDHOOD SCHOO,Q,93.42
I.S. 230,Q,96.46
P.S. 234,Q,95.01
ACADEMY FOR NEW AMERICANS,Q,96.32
ENERGY TECH HIGH SCHOOL,Q,90.18
P.S. 280,Q,95.97
YOUNG WOMEN S LEADERSHIP SCHOOL ASTORIA,Q,96.37
HUNTERS POINT COMMUNITY MIDDLE SCHOOL,Q,97.10
THE 30TH AVENUE SCHOOL G T CITYWIDE,Q,97.49
ACADEMY FOR CAREERS IN TELEVISION AND FI,Q,91.28
EAST ELMHURST COMMUNITY SCHOOL,Q,95.48
THE WOODSIDE COMMUNITY SCHOOL,Q,96.75
P.S. 384,Q,96.96
DISTRICT 30 PRE K CENTER,Q,86.71
WILLIAM CULLEN BRYANT HIGH SCHOOL,Q,79.42
LONG ISLAND CITY HIGH SCHOOL,Q,79.23
FRANK SINATRA SCHOOL OF THE ARTS HIGH SC,Q,91.22
INFORMATION TECHNOLOGY HIGH SCHOOL,Q,81.73
NEWCOMERS HIGH SCHOOL,Q,86.71
ACADEMY OF AMERICAN STUDIES,Q,88.88
BACCALAUREATE SCHOOL FOR GLOBAL EDUCATIO,Q,96.98
P.S. 001 TOTTENVILLE,R,95.71
I.S. R002 GEORGE L. EGBERT,R,94.95
P.S. 003 THE MARGARET GIOIOSA SCHOOL,R,95.68
P.S. 004 MAURICE WOLLIN,R,93.97
P.S. 005 HUGUENOT,R,95.19
P.S. 6 CORPORAL ALLAN F. KIVLEHAN SCHOOL,R,96.25
I.S. 007 ELIAS BERNSTEIN,R,95.54
P.S. 8 SHIRLEE SOLOMON,R,95.31
NAPLES STREET ELEMENTARY SCHOOL,R,95.15
FORT HILL COLLABORATIVE ELEMENTARY SCHOO,R,90.30
P.S. 11 THOMAS DONGAN SCHOOL,R,94.58
P.S. 013 M. L. LINDEMEYER,R,93.93
P.S. 016 JOHN J. DRISCOLL,R,86.37
P.S. 018 JOHN G. WHITTIER,R,89.17
P.S. 019 THE CURTIS SCHOOL,R,92.19
P.S. 020 PORT RICHMOND,R,94.92
P.S. 21 MARGARET EMERY ELM PARK,R,86.12
P.S. 022 GRANITEVILLE,R,92.25
P.S. 023 RICHMONDTOWN,R,95.75
I.S. 024 MYRA S. BARNES,R,93.61
P.S. 026 THE CARTERET SCHOOL,R,94.27
I.S. 027 ANNING S. PRALL,R,92.98
THE EAGLE ACADEMY FOR YOUNG MEN OF STATE,R,91.41
P.S. 029 BARDWELL,R,96.70
P.S. 030 WESTERLEIGH,R,95.77
P.S. 031 WILLIAM T. DAVIS,R,92.65
P.S. 032 THE GIFFORD SCHOOL,R,95.57
I.S. 034 TOTTENVILLE,R,88.72
P.S. 35 THE CLOVE VALLEY SCHOOL,R,95.37
P.S. 036 J. C. DRUMGOOLE,R,94.81
P.S. 038 GEORGE CROMWELL,R,90.05
P.S. 39 FRANCIS J. MURPHY JR.,R,90.37
THE STEPHANIE A. VIERNO SCHOOL,R,94.48
P.S. 042 ELTINGVILLE,R,93.77
P.S. 044 THOMAS C. BROWN,R,88.63
P.S. 045 JOHN TYLER,R,92.64
P.S. 046 ALBERT V. MANISCALCO,R,91.49
CSI HIGH SCHOOL FOR INTERNATIONAL STUDIE,R,95.91
P.S. 048 WILLIAM G. WILCOX,R,95.50
I.S. 49 BERTA A. DREYFUS,R,88.84
P.S. 050 FRANK HANKINSON,R,95.15
I.S. 051 EDWIN MARKHAM,R,87.77
P.S. 052 JOHN C. THOMPSON,R,96.55
THE BARBARA ESSELBORN SCHOOL,R,94.60
P.S. 054 CHARLES W. LENG,R,92.51
P.S. 055 HENRY M. BOEHM,R,92.12
P.S. 56 THE LOUIS DESARIO SCHOOL,R,94.19
P.S. 057 HUBERT H. HUMPHREY,R,91.62
SPACE SHUTTLE COLUMBIA SCHOOL,R,93.26
THE HARBOR VIEW SCHOOL,R,96.23
P.S. 060 ALICE AUSTEN,R,94.13
I.S. 061 WILLIAM A MORRIS,R,89.95
THE KATHLEEN GRIMM SCHOOL FOR LEADERSHIP,R,94.69
MARSH AVENUE SCHOOL FOR EXPEDITIONARY LE,R,95.96
GAYNOR MCCOWN EXPEDITIONARY LEARNING SCH,R,92.25
P.S. 65 THE ACADEMY OF INNOVATIVE LEARNI,R,91.70
THE RICHMOND PRE K CENTER,R,86.69
PORT RICHMOND SCHOOL FOR VISIONARY LEARN,R,90.29
P.S. 069 DANIEL D. TOMPKINS,R,94.25
I.S. 072 ROCCO LAURIE,R,95.42
P.S. 74 FUTURE LEADERS ELEMENTARY SCHOOL,R,90.69
I.S. 075 FRANK D. PAULO,R,94.96
P.S. 78,R,90.75
THE MICHAEL J. PETRIDES SCHOOL,R,92.59
NEW DORP HIGH SCHOOL,R,80.76
PORT RICHMOND HIGH SCHOOL,R,73.51
CURTIS HIGH SCHOOL,R,73.94
TOTTENVILLE HIGH SCHOOL,R,85.80
SUSAN E. WAGNER HIGH SCHOOL,R,85.59
CONCORD HIGH SCHOOL,R,35.58
RALPH R. MCKEE CAREER AND TECHNICAL EDUC,R,74.09
STATEN ISLAND TECHNICAL HIGH SCHOOL,R,95.62
STATEN ISLAND SCHOOL OF CIVIC LEADERSHIP,R,92.88
P.S. I.S. 045 HORACE E. GREENE,K,93.13
P.S. 075 MAYDA CORTIELLA,K,89.64
P.S. 086 THE IRVINGTON,K,94.70
P.S. 106 EDWARD EVERETT HALE,K,93.78
P.S. 116 ELIZABETH L FARRELL,K,94.49
P.S. 123 SUYDAM,K,96.23
P.S. 145 ANDREW JACKSON,K,93.64
P.S. 151 LYNDON B. JOHNSON,K,96.27
J.H.S. 162 THE WILLOUGHBY,K,94.24
THE BROOKLYN SCHOOL FOR MATH AND RESEARC,K,90.18
P.S. 274 KOSCIUSKO,K,90.25
J.H.S. 291 ROLAND HAYES,K,90.06
P.S. 299 THOMAS WARREN FIELD,K,90.12
I.S. 347 SCHOOL OF HUMANITIES,K,88.70
I.S. 349 MATH SCIENCE TECH.,K,92.21
P.S. 376,K,92.95
P.S. 377 ALEJANDRINA B. DE GAUTIER,K,89.50
J.H.S. 383 PHILIPPA SCHUYLER,K,95.21
P.S. I.S. 384 FRANCES E. CARTER,K,92.23
ACADEMY FOR ENVIRONMENTAL LEADERSHIP,K,84.12
EBC HIGH SCHOOL FOR PUBLIC SERVICE BUS,K,78.78
THE BROOKLYN SCHOOL FOR SOCIAL JUSTICE,K,61.94
THE ACADEMY OF URBAN PLANNING AND ENGINE,K,83.33
ALL CITY LEADERSHIP SECONDARY SCHOOL,K,92.12
BUSHWICK LEADERS HIGH SCHOOL FOR ACADEMI,K,81.18
EVERGREEN MIDDLE SCHOOL FOR URBAN EXPLOR,K,96.20
BUSHWICK COMMUNITY HIGH SCHOOL,K,44.32
P.S. K004,K,83.58
P.S. 36,K,83.86
P.S. K053,K,88.98
P.S. K077,K,92.08
P.S. K140,K,87.43
P.S. K141,K,78.97
P.S. K231,K,87.63
P.S. 368,K,74.28
P.S. K369 COY L. COX SCHOOL,K,85.37
P.S. 370,K,88.97
P.S. 371 LILLIAN L. RASHKIS,K,63.34
P.S. 372 THE CHILDREN S SCHOOL,K,94.17
P.S. 373 BROOKLYN TRANSITION CENTER,K,81.77
P.S. K396,K,86.57
P.S. K721 BROOKLYN OCCUPATIONAL TRAINI,K,83.29
P.S. K753 SCHOOL FOR CAREER DEVELOPMEN,K,53.47
P.S. K771,K,85.41
P.S. K811 CONNIE LEKAS SCHOOL,K,85.93
P.S. 035,M,66.77
P.S. M079 HORAN SCHOOL,M,71.94
P.S. M094,M,90.59
P.S. 138,M,84.60
P.S. M169 ROBERT F. KENNEDY,M,81.81
P.S. M226,M,87.08
P.S. M721 MANHATTAN OCCUPATIONAL TRAIN,M,85.50
MANHATTAN SCHOOL FOR CAREER DEVELOPMENT,M,74.66
P.S. M811 MICKEY MANTLE SCHOOL,M,84.12
P.S. Q004,Q,88.83
P.S. 009,Q,86.37
P.S. Q023 QUEENS CHILDREN CENTER,Q,84.54
ROBERT E. PEARY SCHOOL,Q,86.56
P.S. Q177,Q,89.27
P.S. Q224,Q,91.77
P.S. Q233,Q,89.06
P.S. Q255,Q,91.50
P.S. Q256,O,76.13
THE RIVERVIEW SCHOOL,Q,91.18
JOHN F. KENNEDY JR. SCHOOL,Q,82.43
QUEENS TRANSITION CENTER,Q,72.93
P.S. Q811,Q,83.33
P.S. Q993,Q,86.69
SOUTH RICHMOND HIGH SCHOOL I.S. P.S. 25,R,79.62
THE DAVID MARQUIS SCHOOL OF THE ARTS,R,86.42
P.S. R373,R,88.07
THE RICHARD H. HUNGERFORD SCHOOL,R,58.87
P.S. X010,X,87.08
P.S. X012 LEWIS AND CLARK SCHOOL,X,85.11
P.S. X017,X,88.19
P.S. 168,X,83.48
P.S. X176,X,92.81
P186X WALTER J. DAMROSCH SCHOOL,X,83.26
P.S. X188,X,89.66
THE VIDA BOGART SCHOOL FOR ALL CHILDREN,X,84.67
P469X THE BRONX SCHOOL FOR CONTINUOUS,X,88.35
P.S. X596,X,91.60
P.S. X721 STEPHEN MCSWEENEY SCHOOL,X,79.66
P.S. 723,X,85.97
J. M. RAPPORT SCHOOL CAREER DEVELOPMENT,X,58.52
P.S. X811,X,83.96
